"id.study","id.es","citation","name","year","study","published","student","paid","online","design","ref.type","vig.1","vig","ref.r","es","es.var","mot","opp","bel","pre"
"1","1","Orne and Scheibe (1964)","The contribution of nondeprivation factors in the production of sensory deprivation effects: The psychology of the ""panic button""",1964,1,"yes","yes","yes","no","between","cvp","01_p_tr1","N/A","single",0.577927331071996,0.20835,-0.2,1.86666666666667,1,0.133333333333333
"1","2","Orne and Scheibe (1964)","The contribution of nondeprivation factors in the production of sensory deprivation effects: The psychology of the ""panic button""",1964,1,"yes","yes","yes","no","between","cvp","01_p_ang","N/A","single",0.223606797749979,0.20125,0.9,1.9,1.8,1.3
"1","3","Orne and Scheibe (1964)","The contribution of nondeprivation factors in the production of sensory deprivation effects: The psychology of the ""panic button""",1964,1,"yes","yes","yes","no","between","cvp","01_p_lin","N/A","single",0.817312669668102,0.2167,0.642857142857143,2.28571428571429,1.14285714285714,0.714285714285714
"1","4","Orne and Scheibe (1964)","The contribution of nondeprivation factors in the production of sensory deprivation effects: The psychology of the ""panic button""",1964,1,"yes","yes","yes","no","between","cvp","01_p_wor","N/A","single",-0.223606797749979,0.20125,0.333333333333333,1.77777777777778,1.44444444444444,0.555555555555556
"1","5","Orne and Scheibe (1964)","The contribution of nondeprivation factors in the production of sensory deprivation effects: The psychology of the ""panic button""",1964,1,"yes","yes","yes","no","between","cvp","01_p_rev","N/A","single",0.554977477020464,0.2077,0.25,1,0.5,0.625
"1","6","Orne and Scheibe (1964)","The contribution of nondeprivation factors in the production of sensory deprivation effects: The psychology of the ""panic button""",1964,1,"yes","yes","yes","no","between","cvp","01_p_dig","N/A","single",0.1,0.20025,0.0714285714285714,2.28571428571429,1.28571428571429,0.428571428571429
"1","7","Orne and Scheibe (1964)","The contribution of nondeprivation factors in the production of sensory deprivation effects: The psychology of the ""panic button""",1964,1,"yes","yes","yes","no","between","cvp","01_p_tap","N/A","single",-0.672309452558864,0.2113,1.15384615384615,1.69230769230769,1.53846153846154,1.46153846153846
"1","8","Orne and Scheibe (1964)","The contribution of nondeprivation factors in the production of sensory deprivation effects: The psychology of the ""panic button""",1964,1,"yes","yes","yes","no","between","cvp","01_p_tr2","N/A","single",0.95603347221737,0.22285,0.454545454545455,1.45454545454545,0.818181818181818,0.727272727272727
"1","9","Orne and Scheibe (1964)","The contribution of nondeprivation factors in the production of sensory deprivation effects: The psychology of the ""panic button""",1964,1,"yes","yes","yes","no","between","cvp","01_p_vis","N/A","single",0.20976176963403,0.2011,0.4375,1.625,1.0625,1
"1","10","Orne and Scheibe (1964)","The contribution of nondeprivation factors in the production of sensory deprivation effects: The psychology of the ""panic button""",1964,1,"yes","yes","yes","no","between","cvp","01_p_sim","N/A","single",1.14145887149466,0.232573208882846,0.166666666666667,1.77777777777778,0.722222222222222,0.444444444444444
"1","11","Orne and Scheibe (1964)","The contribution of nondeprivation factors in the production of sensory deprivation effects: The psychology of the ""panic button""",1964,1,"yes","yes","yes","no","between","cvp","01_p_dur","N/A","single",0.44497190922574,0.20495,0.111111111111111,1.55555555555556,1.55555555555556,0.333333333333333
"1","12","Orne and Scheibe (1964)","The contribution of nondeprivation factors in the production of sensory deprivation effects: The psychology of the ""panic button""",1964,1,"yes","yes","yes","no","between","cvp","01_p_dur","N/A","single",1.51158195278986,0.257122,0.111111111111111,1.55555555555556,1.55555555555556,0.333333333333333
"1","13","Orne and Scheibe (1964)","The contribution of nondeprivation factors in the production of sensory deprivation effects: The psychology of the ""panic button""",1964,1,"yes","yes","yes","no","between","cvp","01_p_log","N/A","single",-0.733430296619931,0.213448,0.823529411764706,1.58823529411765,0.823529411764706,0.470588235294118
"1","14","Orne and Scheibe (1964)","The contribution of nondeprivation factors in the production of sensory deprivation effects: The psychology of the ""panic button""",1964,1,"yes","yes","yes","no","between","cvp","01_p_per","N/A","single",0.690684423645877,0.271396027613405,0.133333333333333,1.93333333333333,0.6,0.666666666666667
"1","15","Orne and Scheibe (1964)","The contribution of nondeprivation factors in the production of sensory deprivation effects: The psychology of the ""panic button""",1964,1,"yes","yes","yes","no","between","cvp","01_p_dul","N/A","single",1.97569753806208,0.527714498137176,0.5,1.92857142857143,0.428571428571429,1.07142857142857
"1","16","Orne and Scheibe (1964)","The contribution of nondeprivation factors in the production of sensory deprivation effects: The psychology of the ""panic button""",1964,1,"yes","yes","yes","no","between","cvp","01_p_unp","N/A","single",0.98784876903104,0.316628698882306,0.636363636363636,1.81818181818182,1.36363636363636,1.18181818181818
"1","17","Orne and Scheibe (1964)","The contribution of nondeprivation factors in the production of sensory deprivation effects: The psychology of the ""panic button""",1964,1,"yes","yes","yes","no","between","cvp","01_p_anx","N/A","single",0.447089260370704,0.253302959105844,1.2,2,1.2,1
"1","18","Orne and Scheibe (1964)","The contribution of nondeprivation factors in the production of sensory deprivation effects: The psychology of the ""panic button""",1964,1,"yes","yes","yes","no","between","cvp","01_p_spa","N/A","single",0.98784876903104,0.316628698882306,0.44,2.12,1.2,1.24
"1","19","Orne and Scheibe (1964)","The contribution of nondeprivation factors in the production of sensory deprivation effects: The psychology of the ""panic button""",1964,1,"yes","yes","yes","no","between","cvp","01_p_res","N/A","single",1.23144393230621,0.334721767389866,0.571428571428571,2.28571428571429,1.57142857142857,1.07142857142857
"1","20","Orne and Scheibe (1964)","The contribution of nondeprivation factors in the production of sensory deprivation effects: The psychology of the ""panic button""",1964,1,"yes","yes","yes","no","between","cvp","01_p_irr","N/A","single",0.690684423645877,0.271396027613405,1.25,1.875,1.625,1
"2","21","Kersbergen et al. (2019)","Hypothesis awareness as a demand characteristic in laboratory-based eating behaviour research: An experimental study",2019,1,"yes",NA,"no","no","between","cvp","02_p_coo","N/A","single",0.0873119078760073,0.0476914350538854,-0.222222222222222,3,-1.22222222222222,-0.111111111111111
"3","22","Martin et al. (2018)","Attention or instruction: Do sustained attentional abilities really differ between high and low hypnotisable persons?",2018,1,"yes",NA,"yes","no","between","pvn","03_p_swi","03_n_swi","double",0.400028540509722,0.177391800722225,2.625,4.38235294117647,1.10294117647059,3.36029411764706
"3","23","Martin et al. (2018)","Attention or instruction: Do sustained attentional abilities really differ between high and low hypnotisable persons?",2018,1,"yes",NA,"yes","no","between","pvn","03_p_swi","03_n_swi","double",1.03084609819358,0.188805076628352,2.625,4.38235294117647,1.10294117647059,3.36029411764706
"3","24","Martin et al. (2018)","Attention or instruction: Do sustained attentional abilities really differ between high and low hypnotisable persons?",2018,1,"yes",NA,"yes","no","between","pvn","03_p_swi","03_n_swi","double",1.1706842414775,0.223107180791518,2.625,4.38235294117647,1.10294117647059,3.36029411764706
"3","25","Martin et al. (2018)","Attention or instruction: Do sustained attentional abilities really differ between high and low hypnotisable persons?",2018,1,"yes",NA,"yes","no","within","cvp","03_p_swi","N/A","single",0.281066159413725,0.0542347352861108,1,1.88235294117647,0.352941176470588,1.23529411764706
"3","26","Martin et al. (2018)","Attention or instruction: Do sustained attentional abilities really differ between high and low hypnotisable persons?",2018,1,"yes",NA,"yes","no","within","nvc","03_n_swi","N/A","single",0.17368203202786,0.0529608377804172,1.625,2.5,0.75,2.125
"3","27","Martin et al. (2018)","Attention or instruction: Do sustained attentional abilities really differ between high and low hypnotisable persons?",2018,1,"yes",NA,"yes","no","within","cvp","03_p_swi","N/A","single",0.629836657297774,0.0599173553719008,1,1.88235294117647,0.352941176470588,1.23529411764706
"3","28","Martin et al. (2018)","Attention or instruction: Do sustained attentional abilities really differ between high and low hypnotisable persons?",2018,1,"yes",NA,"yes","no","within","nvc","03_n_swi","N/A","single",0.448332719273858,0.0550250556792873,1.625,2.5,0.75,2.125
"3","29","Martin et al. (2018)","Attention or instruction: Do sustained attentional abilities really differ between high and low hypnotisable persons?",2018,1,"yes",NA,"yes","no","within","cvp","03_p_swi","N/A","single",0.295260247910642,0.0596336746856072,1,1.88235294117647,0.352941176470588,1.23529411764706
"3","30","Martin et al. (2018)","Attention or instruction: Do sustained attentional abilities really differ between high and low hypnotisable persons?",2018,1,"yes",NA,"yes","no","within","nvc","03_n_swi","N/A","single",1.05834554008007,0.0891455794916391,1.625,2.5,0.75,2.125
"4","31","Hoogeveen et al. (2018)","Did I do that? Expectancy effects of brain stimulation on error-related negativity and sense of agency",2017,1,"yes","mix","no","no","within","cvp","04_p_age","N/A","single",-1.12898684861597,0.0427123213610586,1.25,2.75,1,1.75
"4","32","Hoogeveen et al. (2018)","Did I do that? Expectancy effects of brain stimulation on error-related negativity and sense of agency",2017,1,"yes","mix","no","no","within","nvc","04_n_age","N/A","single",1.59414881199423,0.0592344839319471,0,1.4,1.4,0.2
"4","33","Hoogeveen et al. (2018)","Did I do that? Expectancy effects of brain stimulation on error-related negativity and sense of agency",2017,1,"yes","mix","no","no","within","pvn","04_p_age","04_n_age","double",0.712279256422953,0.0327044574669187,1.25,4.15,2.4,1.95
"4","34","Hoogeveen et al. (2018)","Did I do that? Expectancy effects of brain stimulation on error-related negativity and sense of agency",2017,1,"yes","mix","no","no","within","pvn","04_p_per","04_n_per","double",0.542688957274631,0.0299284083175803,1.53333333333333,3.16666666666667,2.01666666666667,2.35
"4","35","Hoogeveen et al. (2018)","Did I do that? Expectancy effects of brain stimulation on error-related negativity and sense of agency",2017,1,"yes","mix","no","no","within","pvn","04_p_err","04_n_err","double",-0.0562760666920604,0.0261282651610739,0.978070175438596,3.92105263157895,1.26754385964912,1.50438596491228
"4","36","Hoogeveen et al. (2018)","Did I do that? Expectancy effects of brain stimulation on error-related negativity and sense of agency",2017,1,"yes","mix","no","no","within","cvp","04_p_err","N/A","single",-0.106661483834558,0.0262353478973973,1.08333333333333,1.5,0.583333333333333,1.08333333333333
"4","37","Hoogeveen et al. (2018)","Did I do that? Expectancy effects of brain stimulation on error-related negativity and sense of agency",2017,1,"yes","mix","no","no","within","nvc","04_n_err","N/A","single",0.0526434894867317,0.0261231043954609,-0.105263157894737,2.42105263157895,0.684210526315789,0.421052631578947
"4","38","Hoogeveen et al. (2018)","Did I do that? Expectancy effects of brain stimulation on error-related negativity and sense of agency",2017,1,"yes","mix","no","no","within","pvn","04_p_err","04_n_err","double",0,0.0260869565217391,0.978070175438596,3.92105263157895,1.26754385964912,1.50438596491228
"4","39","Hoogeveen et al. (2018)","Did I do that? Expectancy effects of brain stimulation on error-related negativity and sense of agency",2017,1,"yes","mix","no","no","within","cvp","04_p_err","N/A","single",0.265914851200857,0.027009270105511,1.08333333333333,1.5,0.583333333333333,1.08333333333333
"4","40","Hoogeveen et al. (2018)","Did I do that? Expectancy effects of brain stimulation on error-related negativity and sense of agency",2017,1,"yes","mix","no","no","within","nvc","04_n_err","N/A","single",-0.29593567386381,0.0272292772573725,-0.105263157894737,2.42105263157895,0.684210526315789,0.421052631578947
"4","41","Hoogeveen et al. (2018)","Did I do that? Expectancy effects of brain stimulation on error-related negativity and sense of agency",2017,1,"yes","mix","no","no","within","pvn","04_p_rea","04_n_rea","double",0.0545295936976213,0.0261257409989847,1.45887445887446,3.54112554112554,1.4025974025974,0.861471861471861
"4","42","Hoogeveen et al. (2018)","Did I do that? Expectancy effects of brain stimulation on error-related negativity and sense of agency",2017,1,"yes","mix","no","no","within","cvp","04_p_rea","N/A","single",0.054275199945682,0.0261253799651627,1.0952380952381,1.9047619047619,0.857142857142857,0.952380952380952
"4","43","Hoogeveen et al. (2018)","Did I do that? Expectancy effects of brain stimulation on error-related negativity and sense of agency",2017,1,"yes","mix","no","no","within","nvc","04_n_rea","N/A","single",0,0.0260869565217391,0.363636363636364,1.63636363636364,0.545454545454545,-0.0909090909090909
"4","44","Hoogeveen et al. (2018)","Did I do that? Expectancy effects of brain stimulation on error-related negativity and sense of agency",2017,1,"yes","mix","no","no","within","pvn","04_p_rea","04_n_rea","double",0.0696055684454756,0.0261501513281559,1.45887445887446,3.54112554112554,1.4025974025974,0.861471861471861
"4","45","Hoogeveen et al. (2018)","Did I do that? Expectancy effects of brain stimulation on error-related negativity and sense of agency",2017,1,"yes","mix","no","no","within","cvp","04_p_rea","N/A","single",0.0222607860230428,0.026093420120796,1.0952380952381,1.9047619047619,0.857142857142857,0.952380952380952
"4","46","Hoogeveen et al. (2018)","Did I do that? Expectancy effects of brain stimulation on error-related negativity and sense of agency",2017,1,"yes","mix","no","no","within","nvc","04_n_rea","N/A","single",0.0445215720460856,0.0261128109179668,0.363636363636364,1.63636363636364,0.545454545454545,-0.0909090909090909
"5","47","Rose et al. (2014, Study 1)","Choice-making, expectations, and treatment positivity: How and when choosing shapes aversive experiences",2014,1,"yes","yes","no","no","between","cvp","05_p_dis","N/A","single",0.429654346703696,0.0786981044003979,0.684210526315789,2.73684210526316,0.789473684210526,1.15789473684211
"5","48","Rose et al. (2014, Study 1)","Choice-making, expectations, and treatment positivity: How and when choosing shapes aversive experiences",2014,1,"yes","yes","no","no","between","cvp","05_p_dis","N/A","single",0.423011655985486,0.0786436428951883,0.684210526315789,2.73684210526316,0.789473684210526,1.15789473684211
"5","49","Rose et al. (2014, Study 1)","Choice-making, expectations, and treatment positivity: How and when choosing shapes aversive experiences",2014,1,"yes","yes","no","no","within","cvp","05_p_dis","N/A","single",0.575201947212318,0.0268945070778097,0.684210526315789,2.73684210526316,0.789473684210526,1.15789473684211
"5","50","Rose et al. (2014, Study 1)","Choice-making, expectations, and treatment positivity: How and when choosing shapes aversive experiences",2014,1,"yes","yes","no","no","within","cvp","05_p_dis","N/A","single",0.0598119984319413,0.0231182016364203,0.684210526315789,2.73684210526316,0.789473684210526,1.15789473684211
"6","51","Rose et al. (2014, Study 2)","Choice-making, expectations, and treatment positivity: How and when choosing shapes aversive experiences",2014,2,"yes","yes","no","no","between","cvp","05_p_dis","N/A","single",-0.0541373583200347,0.100036635669573,0.684210526315789,2.73684210526316,0.789473684210526,1.15789473684211
"6","52","Rose et al. (2014, Study 2)","Choice-making, expectations, and treatment positivity: How and when choosing shapes aversive experiences",2014,2,"yes","yes","no","no","between","cvp","05_p_dis","N/A","single",0.157240479231772,0.100309057103863,0.684210526315789,2.73684210526316,0.789473684210526,1.15789473684211
"6","53","Rose et al. (2014, Study 2)","Choice-making, expectations, and treatment positivity: How and when choosing shapes aversive experiences",2014,2,"yes","yes","no","no","within","cvp","05_p_dis","N/A","single",0.243333492990975,0.0308881678321678,0.684210526315789,2.73684210526316,0.789473684210526,1.15789473684211
"6","54","Rose et al. (2014, Study 2)","Choice-making, expectations, and treatment positivity: How and when choosing shapes aversive experiences",2014,2,"yes","yes","no","no","within","cvp","05_p_dis","N/A","single",-0.0644441919722196,0.0300622958081843,0.684210526315789,2.73684210526316,0.789473684210526,1.15789473684211
"7","55","Durgin et al. (2012)","The social psychology of perception experiments: Hills, backpacks, glucose and the problem of generalizability",2012,1,"yes","yes","no","no","between","cvz","07_z_ver","N/A","single",0.330178523139918,0.111592261904762,-0.461538461538462,2.69230769230769,-0.615384615384615,0
"7","56","Durgin et al. (2012)","The social psychology of perception experiments: Hills, backpacks, glucose and the problem of generalizability",2012,1,"yes","yes","no","no","between","cvz","07_z_man","N/A","single",0.734563362367967,0.117410714285714,-0.384615384615385,2.15384615384615,-0.307692307692308,-0.230769230769231
"8","57","Busch et al. (2007)","A follow-up analogue study on the effectiveness of the cognitive rationale",2007,1,"yes","yes","no","no","between","pvn","08_p_pos","08_n_pos","double",1.40021808821113,0.0683160584187677,1.53333333333333,3.33333333333333,1.56666666666667,2.16666666666667
"8","58","Busch et al. (2007)","A follow-up analogue study on the effectiveness of the cognitive rationale",2007,1,"yes","yes","no","no","between","pvn","08_p_fol","08_n_fol","double",1.18649031025562,0.0645294047323078,1.26666666666667,4.13333333333333,1.73333333333333,2.06666666666667
"8","59","Busch et al. (2007)","A follow-up analogue study on the effectiveness of the cognitive rationale",2007,1,"yes","yes","no","no","within","cvp","08_p_pos","N/A","single",1.04932543642776,0.0265807188988655,0.8,1.6,0.9,1.3
"8","60","Busch et al. (2007)","A follow-up analogue study on the effectiveness of the cognitive rationale",2007,1,"yes","yes","no","no","within","nvc","08_n_pos","N/A","single",0.491763669002895,0.0176986697854041,0.733333333333333,1.73333333333333,0.666666666666667,0.866666666666667
"8","61","Busch et al. (2007)","A follow-up analogue study on the effectiveness of the cognitive rationale",2007,1,"yes","yes","no","no","between","pvn","08_p_pos","08_n_pos","double",1.27984849105142,0.066106479415295,1.53333333333333,3.33333333333333,1.56666666666667,2.16666666666667
"8","62","Busch et al. (2007)","A follow-up analogue study on the effectiveness of the cognitive rationale",2007,1,"yes","yes","no","no","between","pvn","08_p_drq","08_n_drq","double",0.647703096180005,0.0323827665415429,1.57754010695187,5.04812834224599,1.86096256684492,2.56149732620321
"9","63","Cramer (2005)","Effect of the destructive disagreement belief on satisfaction with one's closest friend",2005,1,"yes","yes","no",NA,"between","cvp","09_p_sat","N/A","single",-0.139643743172445,0.0608094948195734,0.642857142857143,2.28571428571429,-0.357142857142857,1.07142857142857
"9","64","Cramer (2005)","Effect of the destructive disagreement belief on satisfaction with one's closest friend",2005,1,"yes","yes","no",NA,"between","nvc","09_n_sat","N/A","single",0.0922299993473223,0.0628115540765564,-0.8,2.3,-0.5,0
"10","65","Kanter et al. (2004)","Experimental and psychotherapeutic demand characteristics and the cognitive therapy rationale: An analogue study",2004,1,"yes","yes","no","no","within","cvp","08_p_pos","N/A","single",0.879127893800746,0.00848836485813837,0.8,1.6,0.9,1.3
"10","66","Kanter et al. (2004)","Experimental and psychotherapeutic demand characteristics and the cognitive therapy rationale: An analogue study",2004,1,"yes","yes","no","no","within","nvc","08_n_pos","N/A","single",0.636284762975778,0.00721457489878542,0.733333333333333,1.73333333333333,0.666666666666667,0.866666666666667
"10","67","Kanter et al. (2004)","Experimental and psychotherapeutic demand characteristics and the cognitive therapy rationale: An analogue study",2004,1,"yes","yes","no","no","between","pvn","08_p_pos","08_n_pos","double",1.57454823381133,0.0264646930988106,1.53333333333333,3.33333333333333,1.56666666666667,2.16666666666667
"11","68","Coles et al. (2022, Study 1)","Fact or artifact? Demand characteristics and participants’ beliefs can moderate, but do not fully account for, the effects of facial feedback on emotional experience",2022,1,"yes","yes","no","no","between","cvp","11_p_hap","N/A","single",0.259142593720191,0.0248209165400763,0.454545454545455,2.54545454545455,0.727272727272727,1.09090909090909
"11","69","Coles et al. (2022, Study 1)","Fact or artifact? Demand characteristics and participants’ beliefs can moderate, but do not fully account for, the effects of facial feedback on emotional experience",2022,1,"yes","yes","no","no","between","pvz","11_p_hap","11_z_hap","double",0.841924399994427,0.0251708208193998,0.754545454545455,5.14545454545455,0.827272727272727,1.89090909090909
"11","70","Coles et al. (2022, Study 1)","Fact or artifact? Demand characteristics and participants’ beliefs can moderate, but do not fully account for, the effects of facial feedback on emotional experience",2022,1,"yes","yes","no","no","between","cvz","11_z_hap","N/A","single",0.563838415267979,0.025450515124393,0.3,2.6,0.1,0.8
"11","71","Coles et al. (2022, Study 1)","Fact or artifact? Demand characteristics and participants’ beliefs can moderate, but do not fully account for, the effects of facial feedback on emotional experience",2022,1,"yes","yes","no","no","between","cvp","11_p_ang","N/A","single",0.274142674651865,0.0248454543381905,0.909090909090909,2.72727272727273,1.09090909090909,1
"11","72","Coles et al. (2022, Study 1)","Fact or artifact? Demand characteristics and participants’ beliefs can moderate, but do not fully account for, the effects of facial feedback on emotional experience",2022,1,"yes","yes","no","no","between","pvz","11_p_ang","11_z_ang","double",0.773569444412186,0.0248516676113715,1.40909090909091,5.22727272727273,1.71590909090909,2
"11","73","Coles et al. (2022, Study 1)","Fact or artifact? Demand characteristics and participants’ beliefs can moderate, but do not fully account for, the effects of facial feedback on emotional experience",2022,1,"yes","yes","no","no","between","cvz","11_z_ang","N/A","single",0.537210524213777,0.025361129114619,0.5,2.5,0.625,1
"11","74","Coles et al. (2022, Study 1)","Fact or artifact? Demand characteristics and participants’ beliefs can moderate, but do not fully account for, the effects of facial feedback on emotional experience",2022,1,"yes","yes","no","no","between","cvp","11_p_hap","N/A","single",0.289032734677253,0.0248711773923308,0.454545454545455,2.54545454545455,0.727272727272727,1.09090909090909
"11","75","Coles et al. (2022, Study 1)","Fact or artifact? Demand characteristics and participants’ beliefs can moderate, but do not fully account for, the effects of facial feedback on emotional experience",2022,1,"yes","yes","no","no","between","cvp","11_p_hap","N/A","single",0.308366127317362,0.024906606063379,0.454545454545455,2.54545454545455,0.727272727272727,1.09090909090909
"11","76","Coles et al. (2022, Study 1)","Fact or artifact? Demand characteristics and participants’ beliefs can moderate, but do not fully account for, the effects of facial feedback on emotional experience",2022,1,"yes","yes","no","no","between","pvz","11_p_hap","11_z_hap","double",0.79529905908345,0.0249501962473566,0.754545454545455,5.14545454545455,0.827272727272727,1.89090909090909
"11","77","Coles et al. (2022, Study 1)","Fact or artifact? Demand characteristics and participants’ beliefs can moderate, but do not fully account for, the effects of facial feedback on emotional experience",2022,1,"yes","yes","no","no","between","pvz","11_p_hap","11_z_hap","double",0.898203814179263,0.0254538653179553,0.754545454545455,5.14545454545455,0.827272727272727,1.89090909090909
"11","78","Coles et al. (2022, Study 1)","Fact or artifact? Demand characteristics and participants’ beliefs can moderate, but do not fully account for, the effects of facial feedback on emotional experience",2022,1,"yes","yes","no","no","between","cvz","11_z_hap","N/A","single",0.474711820990309,0.025168312546515,0.3,2.6,0.1,0.8
"11","79","Coles et al. (2022, Study 1)","Fact or artifact? Demand characteristics and participants’ beliefs can moderate, but do not fully account for, the effects of facial feedback on emotional experience",2022,1,"yes","yes","no","no","between","cvz","11_z_hap","N/A","single",0.525665960693935,0.0253237192210405,0.3,2.6,0.1,0.8
"11","80","Coles et al. (2022, Study 1)","Fact or artifact? Demand characteristics and participants’ beliefs can moderate, but do not fully account for, the effects of facial feedback on emotional experience",2022,1,"yes","yes","no","no","between","cvp","11_p_ang","N/A","single",0.142134244388531,0.0246768897288734,0.909090909090909,2.72727272727273,1.09090909090909,1
"11","81","Coles et al. (2022, Study 1)","Fact or artifact? Demand characteristics and participants’ beliefs can moderate, but do not fully account for, the effects of facial feedback on emotional experience",2022,1,"yes","yes","no","no","between","cvp","11_p_ang","N/A","single",0.294956157757007,0.0248817884760234,0.909090909090909,2.72727272727273,1.09090909090909,1
"11","82","Coles et al. (2022, Study 1)","Fact or artifact? Demand characteristics and participants’ beliefs can moderate, but do not fully account for, the effects of facial feedback on emotional experience",2022,1,"yes","yes","no","no","between","pvz","11_p_ang","11_z_ang","double",0.598549966824741,0.0241575993381279,1.40909090909091,5.22727272727273,1.71590909090909,2
"11","83","Coles et al. (2022, Study 1)","Fact or artifact? Demand characteristics and participants’ beliefs can moderate, but do not fully account for, the effects of facial feedback on emotional experience",2022,1,"yes","yes","no","no","between","pvz","11_p_ang","11_z_ang","double",0.801213237735985,0.0249774854350571,1.40909090909091,5.22727272727273,1.71590909090909,2
"11","84","Coles et al. (2022, Study 1)","Fact or artifact? Demand characteristics and participants’ beliefs can moderate, but do not fully account for, the effects of facial feedback on emotional experience",2022,1,"yes","yes","no","no","between","cvz","11_z_ang","N/A","single",0.478311616872831,0.025178771966782,0.5,2.5,0.625,1
"11","85","Coles et al. (2022, Study 1)","Fact or artifact? Demand characteristics and participants’ beliefs can moderate, but do not fully account for, the effects of facial feedback on emotional experience",2022,1,"yes","yes","no","no","between","cvz","11_z_ang","N/A","single",0.535709821329093,0.0253562201674922,0.5,2.5,0.625,1
"12","86","Coles et al. (2022, Study 2)","Fact or artifact? Demand characteristics and participants’ beliefs can moderate, but do not fully account for, the effects of facial feedback on emotional experience",2022,2,"yes","yes","no","yes","between","cvp","12_p_hap","N/A","single",0.256410189103901,0.0305590270987782,1,3,0.428571428571429,1.42857142857143
"12","87","Coles et al. (2022, Study 2)","Fact or artifact? Demand characteristics and participants’ beliefs can moderate, but do not fully account for, the effects of facial feedback on emotional experience",2022,2,"yes","yes","no","yes","between","pvz","12_p_hap","12_z_hap","double",0.472365490973143,0.0324705010492718,0.9,5.2,-0.0714285714285715,1.42857142857143
"12","88","Coles et al. (2022, Study 2)","Fact or artifact? Demand characteristics and participants’ beliefs can moderate, but do not fully account for, the effects of facial feedback on emotional experience",2022,2,"yes","yes","no","yes","between","cvz","12_z_hap","N/A","single",0.215609493941688,0.0322372318667932,-0.1,2.2,-0.5,0
"12","89","Coles et al. (2022, Study 2)","Fact or artifact? Demand characteristics and participants’ beliefs can moderate, but do not fully account for, the effects of facial feedback on emotional experience",2022,2,"yes","yes","no","yes","between","cvp","12_p_ang","N/A","single",-0.29333177335844,0.030635910978268,0.333333333333333,2.75,0.833333333333333,1.16666666666667
"12","90","Coles et al. (2022, Study 2)","Fact or artifact? Demand characteristics and participants’ beliefs can moderate, but do not fully account for, the effects of facial feedback on emotional experience",2022,2,"yes","yes","no","yes","between","pvz","12_p_ang","12_z_ang","double",0.281366218778262,0.0319037207028438,0.904761904761905,5.46428571428571,0.833333333333333,1.88095238095238
"12","91","Coles et al. (2022, Study 2)","Fact or artifact? Demand characteristics and participants’ beliefs can moderate, but do not fully account for, the effects of facial feedback on emotional experience",2022,2,"yes","yes","no","yes","between","cvz","12_z_ang","N/A","single",0.580119162353007,0.0333974350213987,0.571428571428571,2.71428571428571,0,0.714285714285714
"12","92","Coles et al. (2022, Study 2)","Fact or artifact? Demand characteristics and participants’ beliefs can moderate, but do not fully account for, the effects of facial feedback on emotional experience",2022,2,"yes","yes","no","yes","between","cvp","12_p_hap","N/A","single",0.184808092155856,0.03043935984821,1,3,0.428571428571429,1.42857142857143
"12","93","Coles et al. (2022, Study 2)","Fact or artifact? Demand characteristics and participants’ beliefs can moderate, but do not fully account for, the effects of facial feedback on emotional experience",2022,2,"yes","yes","no","yes","between","cvp","12_p_hap","N/A","single",0.225366650975035,0.0305023753650487,1,3,0.428571428571429,1.42857142857143
"12","94","Coles et al. (2022, Study 2)","Fact or artifact? Demand characteristics and participants’ beliefs can moderate, but do not fully account for, the effects of facial feedback on emotional experience",2022,2,"yes","yes","no","yes","between","pvz","12_p_hap","12_z_hap","double",0.243007897049505,0.0318245312892959,0.9,5.2,-0.0714285714285715,1.42857142857143
"12","95","Coles et al. (2022, Study 2)","Fact or artifact? Demand characteristics and participants’ beliefs can moderate, but do not fully account for, the effects of facial feedback on emotional experience",2022,2,"yes","yes","no","yes","between","pvz","12_p_hap","12_z_hap","double",0.414411702759383,0.0322681699560499,0.9,5.2,-0.0714285714285715,1.42857142857143
"12","96","Coles et al. (2022, Study 2)","Fact or artifact? Demand characteristics and participants’ beliefs can moderate, but do not fully account for, the effects of facial feedback on emotional experience",2022,2,"yes","yes","no","yes","between","cvz","12_z_hap","N/A","single",0.0370546951927323,0.0320567742530254,-0.1,2.2,-0.5,0
"12","97","Coles et al. (2022, Study 2)","Fact or artifact? Demand characteristics and participants’ beliefs can moderate, but do not fully account for, the effects of facial feedback on emotional experience",2022,2,"yes","yes","no","yes","between","cvz","12_z_hap","N/A","single",0.158373841078488,0.0321516111454339,-0.1,2.2,-0.5,0
"12","98","Coles et al. (2022, Study 2)","Fact or artifact? Demand characteristics and participants’ beliefs can moderate, but do not fully account for, the effects of facial feedback on emotional experience",2022,2,"yes","yes","no","yes","between","cvp","12_p_ang","N/A","single",0,0.0303099885189437,0.333333333333333,2.75,0.833333333333333,1.16666666666667
"12","99","Coles et al. (2022, Study 2)","Fact or artifact? Demand characteristics and participants’ beliefs can moderate, but do not fully account for, the effects of facial feedback on emotional experience",2022,2,"yes","yes","no","yes","between","cvp","12_p_ang","N/A","single",0.063482313725492,0.0303252536862011,0.333333333333333,2.75,0.833333333333333,1.16666666666667
"12","100","Coles et al. (2022, Study 2)","Fact or artifact? Demand characteristics and participants’ beliefs can moderate, but do not fully account for, the effects of facial feedback on emotional experience",2022,2,"yes","yes","no","yes","between","pvz","12_p_ang","12_z_ang","double",0.298511594276385,0.031942863312481,0.904761904761905,5.46428571428571,0.833333333333333,1.88095238095238
"12","101","Coles et al. (2022, Study 2)","Fact or artifact? Demand characteristics and participants’ beliefs can moderate, but do not fully account for, the effects of facial feedback on emotional experience",2022,2,"yes","yes","no","yes","between","pvz","12_p_ang","12_z_ang","double",0.271374946043585,0.0318819782314681,0.904761904761905,5.46428571428571,0.833333333333333,1.88095238095238
"12","102","Coles et al. (2022, Study 2)","Fact or artifact? Demand characteristics and participants’ beliefs can moderate, but do not fully account for, the effects of facial feedback on emotional experience",2022,2,"yes","yes","no","yes","between","cvz","12_z_ang","N/A","single",0.279954366861133,0.0323647798413805,0.571428571428571,2.71428571428571,0,0.714285714285714
"12","103","Coles et al. (2022, Study 2)","Fact or artifact? Demand characteristics and participants’ beliefs can moderate, but do not fully account for, the effects of facial feedback on emotional experience",2022,2,"yes","yes","no","yes","between","cvz","12_z_ang","N/A","single",0.203796321470226,0.0322174138138612,0.571428571428571,2.71428571428571,0,0.714285714285714
"13","104","Coles et al. (2022, Study 3)","Fact or artifact? Demand characteristics and participants’ beliefs can moderate, but do not fully account for, the effects of facial feedback on emotional experience",2022,3,"yes","yes","no","yes","between","pvz","12_p_hap","12_z_hap","double",0.342446649782697,0.0310693801863956,0.9,5.2,-0.0714285714285715,1.42857142857143
"13","105","Coles et al. (2022, Study 3)","Fact or artifact? Demand characteristics and participants’ beliefs can moderate, but do not fully account for, the effects of facial feedback on emotional experience",2022,3,"yes","yes","no","yes","between","pvz","12_p_ang","12_z_ang","double",0.430358988234152,0.0313286899222984,0.904761904761905,5.46428571428571,0.833333333333333,1.88095238095238
"13","106","Coles et al. (2022, Study 3)","Fact or artifact? Demand characteristics and participants’ beliefs can moderate, but do not fully account for, the effects of facial feedback on emotional experience",2022,3,"yes","yes","no","yes","between","pvz","12_p_hap","12_z_hap","double",0.327299597766655,0.031030660028956,0.9,5.2,-0.0714285714285715,1.42857142857143
"13","107","Coles et al. (2022, Study 3)","Fact or artifact? Demand characteristics and participants’ beliefs can moderate, but do not fully account for, the effects of facial feedback on emotional experience",2022,3,"yes","yes","no","yes","between","pvz","12_p_hap","12_z_hap","double",0.356056222391582,0.0311056638717253,0.9,5.2,-0.0714285714285715,1.42857142857143
"13","108","Coles et al. (2022, Study 3)","Fact or artifact? Demand characteristics and participants’ beliefs can moderate, but do not fully account for, the effects of facial feedback on emotional experience",2022,3,"yes","yes","no","yes","between","pvz","12_p_ang","12_z_ang","double",0.454186280288321,0.0314091338858412,0.904761904761905,5.46428571428571,0.833333333333333,1.88095238095238
"13","109","Coles et al. (2022, Study 3)","Fact or artifact? Demand characteristics and participants’ beliefs can moderate, but do not fully account for, the effects of facial feedback on emotional experience",2022,3,"yes","yes","no","yes","between","pvz","12_p_ang","12_z_ang","double",0.532479736153074,0.0317039792759615,0.904761904761905,5.46428571428571,0.833333333333333,1.88095238095238
"14","110","Mummolo & Peterson (2019, Study 2a)","Demand effects in survey experiments: An empirical assessment",2019,2,"yes","no","yes","yes","between","nvc","14_n_res","N/A","single",-0.0662266178532522,0.0038894334132013,-0.272727272727273,3.27272727272727,-0.227272727272727,0.590909090909091
"14","111","Mummolo & Peterson (2019, Study 2a)","Demand effects in survey experiments: An empirical assessment",2019,2,"yes","no","yes","yes","between","cvp","14_p_res","N/A","single",0.0445789697715594,0.00397870302069143,-1.25,2.91666666666667,0.25,-0.916666666666667
"14","112","Mummolo & Peterson (2019, Study 2a)","Demand effects in survey experiments: An empirical assessment",2019,2,"yes","no","yes","yes","between","pvn","14_p_res","14_n_res","double",-0.0222549382490455,0.00396662749429495,-1.52272727272727,6.18939393939394,0.0227272727272727,-0.325757575757576
"40","113","Mummolo & Peterson (2019, Study 2b)","Demand effects in survey experiments: An empirical assessment",2019,2,"yes","no","yes","yes","between","nvc","40_n_new","N/A","single",0.022617115403812,0.00409632001331753,0.333333333333333,3.33333333333333,-1.2,0.2
"40","114","Mummolo & Peterson (2019, Study 2b)","Demand effects in survey experiments: An empirical assessment",2019,2,"yes","no","yes","yes","between","cvp","40_p_new","N/A","single",0.0443873814045877,0.00396568282378634,0.4,2.9,1.6,1.9
"40","115","Mummolo & Peterson (2019, Study 2b)","Demand effects in survey experiments: An empirical assessment",2019,2,"yes","no","yes","yes","between","pvn","40_p_new","40_n_new","double",0.0659639228014163,0.00387877330973451,0.733333333333333,6.23333333333333,0.4,2.1
"15","116","Mummolo & Peterson (2019, Study 3a)","Demand effects in survey experiments: An empirical assessment",2019,3,"yes","no","yes","yes","between","cvp","15_p_nin","N/A","single",0.0156954567734901,0.00313971738986751,0.266666666666667,2.6,0.466666666666667,0.4
"15","117","Mummolo & Peterson (2019, Study 3a)","Demand effects in survey experiments: An empirical assessment",2019,3,"yes","no","yes","yes","between","cvp","15_p_yin","N/A","single",0.188997206565835,0.0032970036382451,1.30769230769231,3.23076923076923,1.53846153846154,1.84615384615385
"41","118","Mummolo & Peterson (2019, Study 3b)","Demand effects in survey experiments: An empirical assessment",2019,3,"yes","no","yes","yes","between","cvp","41_p_nin","N/A","single",0.0600682577807877,0.00321470944938084,0.214285714285714,2.57142857142857,0.285714285714286,0.357142857142857
"41","119","Mummolo & Peterson (2019, Study 3b)","Demand effects in survey experiments: An empirical assessment",2019,3,"yes","no","yes","yes","between","cvp","41_p_yin","N/A","single",0.100708732239501,0.00325210199935295,-1,3.33333333333333,0.333333333333333,0.777777777777778
"16","120","Mummolo & Peterson (2019, Study 4)","Demand effects in survey experiments: An empirical assessment",2019,4,"yes","no","yes","yes","between","cvp","40_p_new","N/A","single",0,0.00252738129450458,0.4,2.9,1.6,1.9
"16","121","Mummolo & Peterson (2019, Study 4)","Demand effects in survey experiments: An empirical assessment",2019,4,"yes","no","yes","yes","between","cvp","16_p_new","N/A","single",-0.0118930978287389,0.00254631880296358,2.18181818181818,3.27272727272727,1.90909090909091,2.45454545454545
"17","122","Mummolo & Peterson (2019, Study 5a)","Demand effects in survey experiments: An empirical assessment",2019,5,"yes","no","yes","yes","between","cvp","17_p_nin","N/A","single",0.0116072992032458,0.0010779361414769,0.0666666666666667,2.86666666666667,1.13333333333333,0.333333333333333
"17","123","Mummolo & Peterson (2019, Study 5a)","Demand effects in survey experiments: An empirical assessment",2019,5,"yes","no","yes","yes","between","cvp","17_p_yin","N/A","single",-0.02323003631,0.00107946523516178,0.571428571428571,3.07142857142857,0.714285714285714,1.5
"42","124","Mummolo & Peterson (2019, Study 5b)","Demand effects in survey experiments: An empirical assessment",2019,5,"yes","no","yes","yes","between","cvp","15_p_nin","N/A","single",0.0116977050191939,0.00109470980199769,0.266666666666667,2.6,0.466666666666667,0.4
"42","125","Mummolo & Peterson (2019, Study 5b)","Demand effects in survey experiments: An empirical assessment",2019,5,"yes","no","yes","yes","between","cvp","15_p_yin","N/A","single",0.0115853120720203,0.00107449013306966,1.30769230769231,3.23076923076923,1.53846153846154,1.84615384615385
"43","126","Mummolo & Peterson (2019, Study 5c)","Demand effects in survey experiments: An empirical assessment",2019,5,"yes","no","yes","yes","between","cvp","41_p_nin","N/A","single",-0.0465354658147074,0.00108319236736813,0.214285714285714,2.57142857142857,0.285714285714286,0.357142857142857
"43","127","Mummolo & Peterson (2019, Study 5c)","Demand effects in survey experiments: An empirical assessment",2019,5,"yes","no","yes","yes","between","cvp","41_p_yin","N/A","single",0.0698511369715344,0.00108500815539192,-1,3.33333333333333,0.333333333333333,0.777777777777778
"18","128","Allen & Smith (2012)","Demand characteristics, pre-test attitudes and time-on-task trends in the effects of chewing gum on attention and reported mood in healthy volunteers",2012,1,"yes","yes",NA,"no","between","pvn","18_p_ale","18_n_ale","double",0.592454922022644,0.0835100283462886,NA,NA,NA,NA
"18","129","Allen & Smith (2012)","Demand characteristics, pre-test attitudes and time-on-task trends in the effects of chewing gum on attention and reported mood in healthy volunteers",2012,1,"yes","yes",NA,"no","between","cvp","18_p_ale","N/A","single",0.22042437259919,0.0821624514017253,NA,NA,NA,NA
"18","130","Allen & Smith (2012)","Demand characteristics, pre-test attitudes and time-on-task trends in the effects of chewing gum on attention and reported mood in healthy volunteers",2012,1,"yes","yes",NA,"no","between","nvc","18_n_ale","N/A","single",0.709905357486066,0.086809172958375,NA,NA,NA,NA
"18","131","Allen & Smith (2012)","Demand characteristics, pre-test attitudes and time-on-task trends in the effects of chewing gum on attention and reported mood in healthy volunteers",2012,1,"yes","yes",NA,"no","between","pvn","18_p_ale","18_n_ale","double",0.7465,0.0855726225,NA,NA,NA,NA
"18","132","Allen & Smith (2012)","Demand characteristics, pre-test attitudes and time-on-task trends in the effects of chewing gum on attention and reported mood in healthy volunteers",2012,1,"yes","yes",NA,"no","between","cvp","18_p_ale","N/A","single",-0.0307999999999999,0.0816763466666667,NA,NA,NA,NA
"18","133","Allen & Smith (2012)","Demand characteristics, pre-test attitudes and time-on-task trends in the effects of chewing gum on attention and reported mood in healthy volunteers",2012,1,"yes","yes",NA,"no","between","nvc","18_n_ale","N/A","single",0.7773,0.0878319247278912,NA,NA,NA,NA
"18","134","Allen & Smith (2012)","Demand characteristics, pre-test attitudes and time-on-task trends in the effects of chewing gum on attention and reported mood in healthy volunteers",2012,1,"yes","yes",NA,"no","between","pvn","18_p_cat","18_n_cat","double",-43.0880068975176,18.6457633840053,NA,NA,NA,NA
"18","135","Allen & Smith (2012)","Demand characteristics, pre-test attitudes and time-on-task trends in the effects of chewing gum on attention and reported mood in healthy volunteers",2012,1,"yes","yes",NA,"no","between","cvp","18_p_cat","N/A","single",-71.7796016768903,52.6562709206773,NA,NA,NA,NA
"18","136","Allen & Smith (2012)","Demand characteristics, pre-test attitudes and time-on-task trends in the effects of chewing gum on attention and reported mood in healthy volunteers",2012,1,"yes","yes",NA,"no","between","nvc","18_n_cat","N/A","single",34.331595484958,12.1087936926135,NA,NA,NA,NA
"18","137","Allen & Smith (2012)","Demand characteristics, pre-test attitudes and time-on-task trends in the effects of chewing gum on attention and reported mood in healthy volunteers",2012,1,"yes","yes",NA,"no","between","pvn","18_p_cat","18_n_cat","double",-82.7146533600093,68.497138804665,NA,NA,NA,NA
"18","138","Allen & Smith (2012)","Demand characteristics, pre-test attitudes and time-on-task trends in the effects of chewing gum on attention and reported mood in healthy volunteers",2012,1,"yes","yes",NA,"no","between","cvp","18_p_cat","N/A","single",105.71149498456,114.111464338815,NA,NA,NA,NA
"18","139","Allen & Smith (2012)","Demand characteristics, pre-test attitudes and time-on-task trends in the effects of chewing gum on attention and reported mood in healthy volunteers",2012,1,"yes","yes",NA,"no","between","nvc","18_n_cat","N/A","single",-212.572536916166,461.174354941919,NA,NA,NA,NA
"18","140","Allen & Smith (2012)","Demand characteristics, pre-test attitudes and time-on-task trends in the effects of chewing gum on attention and reported mood in healthy volunteers",2012,1,"yes","yes",NA,"no","between","pvn","18_p_anx","18_n_anx","double",-0.192229904504735,0.080369523361859,NA,NA,NA,NA
"18","141","Allen & Smith (2012)","Demand characteristics, pre-test attitudes and time-on-task trends in the effects of chewing gum on attention and reported mood in healthy volunteers",2012,1,"yes","yes",NA,"no","between","cvp","18_p_anx","N/A","single",-0.194253477770916,0.0820517117036676,NA,NA,NA,NA
"18","142","Allen & Smith (2012)","Demand characteristics, pre-test attitudes and time-on-task trends in the effects of chewing gum on attention and reported mood in healthy volunteers",2012,1,"yes","yes",NA,"no","between","nvc","18_n_anx","N/A","single",-0.194253477770916,0.0820517117036676,NA,NA,NA,NA
"18","143","Allen & Smith (2012)","Demand characteristics, pre-test attitudes and time-on-task trends in the effects of chewing gum on attention and reported mood in healthy volunteers",2012,1,"yes","yes",NA,"no","between","pvn","18_p_hed","18_n_hed","double",-0.192229904504735,0.080369523361859,NA,NA,NA,NA
"18","144","Allen & Smith (2012)","Demand characteristics, pre-test attitudes and time-on-task trends in the effects of chewing gum on attention and reported mood in healthy volunteers",2012,1,"yes","yes",NA,"no","between","cvp","18_p_hed","N/A","single",-0.194253477770916,0.0820517117036676,NA,NA,NA,NA
"18","145","Allen & Smith (2012)","Demand characteristics, pre-test attitudes and time-on-task trends in the effects of chewing gum on attention and reported mood in healthy volunteers",2012,1,"yes","yes",NA,"no","between","nvc","18_n_hed","N/A","single",-0.194253477770916,0.0820517117036676,NA,NA,NA,NA
"18","146","Allen & Smith (2012)","Demand characteristics, pre-test attitudes and time-on-task trends in the effects of chewing gum on attention and reported mood in healthy volunteers",2012,1,"yes","yes",NA,"no","between","pvn","18_p_foc","18_n_foc","double",-0.192229904504735,0.080369523361859,NA,NA,NA,NA
"18","147","Allen & Smith (2012)","Demand characteristics, pre-test attitudes and time-on-task trends in the effects of chewing gum on attention and reported mood in healthy volunteers",2012,1,"yes","yes",NA,"no","between","cvp","18_p_foc","N/A","single",-0.194253477770916,0.0820517117036676,NA,NA,NA,NA
"18","148","Allen & Smith (2012)","Demand characteristics, pre-test attitudes and time-on-task trends in the effects of chewing gum on attention and reported mood in healthy volunteers",2012,1,"yes","yes",NA,"no","between","nvc","18_n_foc","N/A","single",-0.194253477770916,0.0820517117036676,NA,NA,NA,NA
"18","149","Allen & Smith (2012)","Demand characteristics, pre-test attitudes and time-on-task trends in the effects of chewing gum on attention and reported mood in healthy volunteers",2012,1,"yes","yes",NA,"no","between","pvn","18_p_foc","18_n_foc","double",-0.192229904504735,0.080369523361859,NA,NA,NA,NA
"18","150","Allen & Smith (2012)","Demand characteristics, pre-test attitudes and time-on-task trends in the effects of chewing gum on attention and reported mood in healthy volunteers",2012,1,"yes","yes",NA,"no","between","cvp","18_p_foc","N/A","single",-0.194253477770916,0.0820517117036676,NA,NA,NA,NA
"18","151","Allen & Smith (2012)","Demand characteristics, pre-test attitudes and time-on-task trends in the effects of chewing gum on attention and reported mood in healthy volunteers",2012,1,"yes","yes",NA,"no","between","nvc","18_n_foc","N/A","single",-0.194253477770916,0.0820517117036676,NA,NA,NA,NA
"18","152","Allen & Smith (2012)","Demand characteristics, pre-test attitudes and time-on-task trends in the effects of chewing gum on attention and reported mood in healthy volunteers",2012,1,"yes","yes",NA,"no","between","pvn","18_p_rac","18_n_rac","double",-0.192229904504735,0.080369523361859,NA,NA,NA,NA
"18","153","Allen & Smith (2012)","Demand characteristics, pre-test attitudes and time-on-task trends in the effects of chewing gum on attention and reported mood in healthy volunteers",2012,1,"yes","yes",NA,"no","between","cvp","18_p_rac","N/A","single",-0.194253477770916,0.0820517117036676,NA,NA,NA,NA
"18","154","Allen & Smith (2012)","Demand characteristics, pre-test attitudes and time-on-task trends in the effects of chewing gum on attention and reported mood in healthy volunteers",2012,1,"yes","yes",NA,"no","between","nvc","18_n_rac","N/A","single",-0.194253477770916,0.0820517117036676,NA,NA,NA,NA
"19","155","Isager (2022)","Isager's student replication of Coles et al. 2022",2022,1,"no","yes","no","yes","between","pvz","11_p_hap","11_z_hap","double",0.120189955661337,0.0730756209498815,0.754545454545455,5.14545454545455,0.827272727272727,1.89090909090909
"19","156","Isager (2022)","Isager's student replication of Coles et al. 2022",2022,1,"no","yes","no","yes","between","pvz","11_p_hap","11_z_hap","double",-0.0354576107606605,0.0729557265564177,0.754545454545455,5.14545454545455,0.827272727272727,1.89090909090909
"20","157","Terhune & Smith (2012)","The induction of anomalous experiences in a mirror-gazing facility",2012,1,"yes","no","no","no","between","pvz","20_p_vis","20_z_vis","double",0.598010604037957,0.104470208531773,0.948051948051948,4.30519480519481,0.409090909090909,1.68831168831169
"20","158","Terhune & Smith (2012)","The induction of anomalous experiences in a mirror-gazing facility",2012,1,"yes","no","no","no","between","pvz","20_p_voc","20_z_voc","double",0.531064524911869,0.103525369120248,1.58974358974359,3.75641025641026,1.83333333333333,2.38461538461538
"20","159","Terhune & Smith (2012)","The induction of anomalous experiences in a mirror-gazing facility",2012,1,"yes","no","no","no","between","pvz","20_p_non","20_z_non","double",-0.509412140781512,0.103243759114695,-0.0419580419580419,4.85314685314685,0.867132867132867,1.69230769230769
"20","160","Terhune & Smith (2012)","The induction of anomalous experiences in a mirror-gazing facility",2012,1,"yes","no","no","no","between","pvz","20_p_bod","20_z_bod","double",-0.360656125403192,0.101625910509886,0.909090909090909,4,0.181818181818182,1.81818181818182
"20","161","Terhune & Smith (2012)","The induction of anomalous experiences in a mirror-gazing facility",2012,1,"yes","no","no","no","between","pvz","20_p_pre","20_z_pre","double",0.224929017978783,0.100632413289111,1.57575757575758,4.71717171717172,1.90909090909091,2.73737373737374
"21","162","Cramer & Buckland (1995)","Effect of rational and irrational statements and demand characteristics on task anxiety",1995,1,"yes","yes","no","no","between","nvc","21_n_rat","N/A","single",-0.0560081347567238,0.166732018982478,0.6,2.2,1.13333333333333,1.2
"21","163","Cramer & Buckland (1995)","Effect of rational and irrational statements and demand characteristics on task anxiety",1995,1,"yes","yes","no","no","between","nvc","21_n_irr","N/A","single",0.621565091845959,0.174715482570864,0.375,2.125,0.25,0.625
"22","164","Barabasz et al. (1991)","Effects of experimental context, demand characteristics, and situational cues: New data",1991,1,"yes","yes","no","no","between","cvp","22_p_sim","N/A","single",-0.298511157062997,0.202227722772277,0.692307692307692,2.53846153846154,0.923076923076923,0.692307692307692
"22","165","Barabasz et al. (1991)","Effects of experimental context, demand characteristics, and situational cues: New data",1991,1,"yes","yes","no","no","between","cvp","22_p_spi","N/A","single",-0.186517512294734,0.200869719559815,0.266666666666667,2.2,1.06666666666667,0.866666666666667
"22","166","Barabasz et al. (1991)","Effects of experimental context, demand characteristics, and situational cues: New data",1991,1,"yes","yes","no","no","between","cvp","22_p_sen","N/A","single",-0.344975763726567,0.202975206938968,0.357142857142857,1.92857142857143,1.14285714285714,0.571428571428571
"23","167","Veitch et al. (1991)","Demand characteristics and full spectrum lighting effects on performance and mood",1991,1,"yes","yes","no","no","between","pvz","23_p_rea","23_z_rea","double",-0.183053869452047,0.118548330836752,0.4,3.45555555555556,1,0.8
"23","168","Veitch et al. (1991)","Demand characteristics and full spectrum lighting effects on performance and mood",1991,1,"yes","yes","no","no","between","cvp","23_p_rea","N/A","single",0.416249330939918,0.107835338522765,-0.1,1.9,0.5,0.4
"23","169","Veitch et al. (1991)","Demand characteristics and full spectrum lighting effects on performance and mood",1991,1,"yes","yes","no","no","between","pvz","23_p_ari","23_z_ari","double",0.256705538061726,0.119024639868373,1.59090909090909,4.39393939393939,0.651515151515152,2.21717171717172
"23","170","Veitch et al. (1991)","Demand characteristics and full spectrum lighting effects on performance and mood",1991,1,"yes","yes","no","no","between","cvp","23_p_ari","N/A","single",-0.00245393046711808,0.105555634789434,0.5,1.66666666666667,-0.166666666666667,0.944444444444444
"23","171","Veitch et al. (1991)","Demand characteristics and full spectrum lighting effects on performance and mood",1991,1,"yes","yes","no","no","between","pvz","23_p_und","23_z_und","double",-0.207543720889217,0.11868900255674,0.570707070707071,4.49494949494949,0.161616161616162,1.43434343434343
"23","172","Veitch et al. (1991)","Demand characteristics and full spectrum lighting effects on performance and mood",1991,1,"yes","yes","no","no","between","cvp","23_p_und","N/A","single",0.205829063919298,0.10611299770758,0.388888888888889,2.22222222222222,-0.111111111111111,0.888888888888889
"23","173","Veitch et al. (1991)","Demand characteristics and full spectrum lighting effects on performance and mood",1991,1,"yes","yes","no","no","between","pvz","23_p_pos","23_z_pos","double",1.17937135139974,0.13851021415118,1.83333333333333,4.55555555555556,1.33333333333333,2.27777777777778
"23","174","Veitch et al. (1991)","Demand characteristics and full spectrum lighting effects on performance and mood",1991,1,"yes","yes","no","no","between","cvp","23_p_pos","N/A","single",0.356727749366976,0.107229959334088,1,2.55555555555556,0.833333333333333,1.27777777777778
"25","175","Kenealy (1988)","Validation of a music mood induction procedure: Some preliminary findings",1988,1,"yes","yes","no","no","between","cvp","25_p_hap","N/A","single",0.446758120921758,0.409979640930477,0.8,2.8,1.73333333333333,1.2
"25","176","Kenealy (1988)","Validation of a music mood induction procedure: Some preliminary findings",1988,1,"yes","yes","no","no","between","pvn","25_p_hap","25_n_hap","double",0.446758120921758,0.409979640930477,1,5.5,0.833333333333333,1.9
"25","177","Kenealy (1988)","Validation of a music mood induction procedure: Some preliminary findings",1988,1,"yes","yes","no","no","between","nvc","25_n_hap","N/A","single",0.446758120921758,0.409979640930477,0.2,2.7,-0.9,0.7
"25","178","Kenealy (1988)","Validation of a music mood induction procedure: Some preliminary findings",1988,1,"yes","yes","no","no","between","cvp","25_p_exh","N/A","single",-0.446758120921758,0.409979640930477,1.1,3.15,1.55,1.65
"25","179","Kenealy (1988)","Validation of a music mood induction procedure: Some preliminary findings",1988,1,"yes","yes","no","no","between","pvn","25_p_exh","25_n_exh","double",-0.446758120921758,0.409979640930477,1.2,5.85,0.75,1.45
"25","180","Kenealy (1988)","Validation of a music mood induction procedure: Some preliminary findings",1988,1,"yes","yes","no","no","between","nvc","25_n_exh","N/A","single",0.446758120921758,0.409979640930477,0.1,2.7,-0.8,-0.2
"25","181","Kenealy (1988)","Validation of a music mood induction procedure: Some preliminary findings",1988,1,"yes","yes","no","no","between","cvp","25_p_sad","N/A","single",-0.446758120921758,0.409979640930477,1.36363636363636,2.90909090909091,2.09090909090909,1.45454545454545
"25","182","Kenealy (1988)","Validation of a music mood induction procedure: Some preliminary findings",1988,1,"yes","yes","no","no","between","pvn","25_p_sad","25_n_sad","double",-0.446758120921758,0.409979640930477,1.6969696969697,5.74242424242424,2.92424242424242,1.78787878787879
"25","183","Kenealy (1988)","Validation of a music mood induction procedure: Some preliminary findings",1988,1,"yes","yes","no","no","between","nvc","25_n_sad","N/A","single",0.446758120921758,0.409979640930477,0.333333333333333,2.83333333333333,0.833333333333333,0.333333333333333
"25","184","Kenealy (1988)","Validation of a music mood induction procedure: Some preliminary findings",1988,1,"yes","yes","no","no","between","cvp","25_p_des","N/A","single",0.446758120921758,0.409979640930477,0.647058823529412,3.125,1.64705882352941,1.29411764705882
"25","185","Kenealy (1988)","Validation of a music mood induction procedure: Some preliminary findings",1988,1,"yes","yes","no","no","between","pvn","25_p_des","25_n_des","double",-0.446758120921758,0.409979640930477,0.737967914438503,5.85227272727273,1.10160427807487,2.11229946524064
"25","186","Kenealy (1988)","Validation of a music mood induction procedure: Some preliminary findings",1988,1,"yes","yes","no","no","between","nvc","25_n_des","N/A","single",-0.446758120921758,0.409979640930477,0.0909090909090909,2.72727272727273,-0.545454545454545,0.818181818181818
"25","187","Kenealy (1988)","Validation of a music mood induction procedure: Some preliminary findings",1988,1,"yes","yes","no","no","between","cvp","25_p_dep","N/A","single",-0.446758120921758,0.409979640930477,1.05,3.05,1.4,1.35
"25","188","Kenealy (1988)","Validation of a music mood induction procedure: Some preliminary findings",1988,1,"yes","yes","no","no","between","pvn","25_p_dep","25_n_dep","double",0.446758120921758,0.409979640930477,0.8,5.65,0.55,1.8
"25","189","Kenealy (1988)","Validation of a music mood induction procedure: Some preliminary findings",1988,1,"yes","yes","no","no","between","nvc","25_n_dep","N/A","single",0.446758120921758,0.409979640930477,-0.25,2.6,-0.85,0.45
"26","190","Smith et al. (1986)","The influence of color and demand characteristics on muscle strength and affective ratings of the environment",1986,1,"yes","yes","no","no","between","pvn","26_p_gri","26_n_gri","double",0.801396020808208,0.149004061761504,0,3.90909090909091,-1.27272727272727,0.818181818181818
"26","191","Smith et al. (1986)","The influence of color and demand characteristics on muscle strength and affective ratings of the environment",1986,1,"yes","yes","no","no","between","pvn","26_p_gri","26_n_gri","double",-1.0250046814151,0.150843909948715,0,3.90909090909091,-1.27272727272727,0.818181818181818
"27","192","Siegel & Hagen (1982)","The influence of demand characteristics and expectancies in the measurement of salivary response",1982,1,"yes","yes","no","no","between","pvn","27_p_sal","27_n_sal","double",0.22176383853172,0.111794155556671,0.418269230769231,2.25961538461538,1.58173076923077,1.16346153846154
"28","193","Lamberth & Byrne (1971)","Similarity-attraction or demand characteristics?",1971,2,"yes","yes","no","no","between","cvp","28_p_sim","N/A","single",0.0123171869224604,0.223884842717174,0.733333333333333,2.26666666666667,1.06666666666667,1.33333333333333
"28","194","Lamberth & Byrne (1971)","Similarity-attraction or demand characteristics?",1971,2,"yes","yes","no","no","between","cvp","28_p_dis","N/A","single",0.300074661021143,0.226400507523889,-0.538461538461538,2,-0.615384615384615,-0.307692307692308
"29","195","Polivy & Doyle (1980)","Laboratory induction of mood states through the reading of self-referent mood statements: Affective changes or demand characteristics?",1980,1,"yes","yes","no","no","between","nvc","29_n_dep","N/A","single",0.421701221725519,0.185859816372836,0.19047619047619,2.0952380952381,0.142857142857143,0.666666666666667
"29","196","Polivy & Doyle (1980)","Laboratory induction of mood states through the reading of self-referent mood statements: Affective changes or demand characteristics?",1980,1,"yes","yes","no","no","between","nvc","29_n_dep","N/A","single",0.653322284681307,0.191518863810482,0.19047619047619,2.0952380952381,0.142857142857143,0.666666666666667
"30","197","Earn (1977)","Experimental compensation, task interest and the cooperation with demand characteristics of volunteer and sign-up subjects",1977,1,"no","yes",NA,"no","between","cvp","30_p_puz","N/A","single",1.58423483107777,0.0262745,-0.235294117647059,1.70588235294118,1.05882352941176,0.294117647058824
"31","198","Perry et al. (1978)","Demand awareness and participant willingness as determinants of aggressive response to film violence",1978,1,"yes","yes","no","no","between","pvn","31_p_sho","31_n_sho","double",0.611931368700772,0.0697871666666667,0.0559440559440559,6.1958041958042,-0.391608391608392,-0.104895104895105
"31","199","Perry et al. (1978)","Demand awareness and participant willingness as determinants of aggressive response to film violence",1978,1,"yes","yes","no","no","between","cvp","31_p_sho","N/A","single",0.970827825449326,0.0745208888888889,-0.307692307692308,2.92307692307692,1.15384615384615,0.0769230769230769
"31","200","Perry et al. (1978)","Demand awareness and participant willingness as determinants of aggressive response to film violence",1978,1,"yes","yes","no","no","between","nvc","31_n_sho","N/A","single",-0.175250757193522,0.0669226068991409,0.363636363636364,3.27272727272727,-1.54545454545455,-0.181818181818182
"32","201","McGinley et al. (1975)","Subject effects and demand characteristics",1975,1,"yes","yes","no","no","between","pvn","32_p_num","32_n_num","double",0.529942135357887,0.051755241667673,0.9375,4.4375,0.229166666666667,1.29166666666667
"32","202","McGinley et al. (1975)","Subject effects and demand characteristics",1975,1,"yes","yes","no","no","between","cvp","32_p_num","N/A","single",0.790569415042094,0.05390625,0.5,2,-0.0833333333333333,0.666666666666667
"32","203","McGinley et al. (1975)","Subject effects and demand characteristics",1975,1,"yes","yes","no","no","between","nvc","32_n_num","N/A","single",-0.260627279684207,0.0504245411182224,0.4375,2.4375,0.3125,0.625
"32","204","McGinley et al. (1975)","Subject effects and demand characteristics",1975,1,"yes","yes","no","no","between","pvn","32_p_num","32_n_num","double",0.520917831616884,0.0516959711706027,0.9375,4.4375,0.229166666666667,1.29166666666667
"32","205","McGinley et al. (1975)","Subject effects and demand characteristics",1975,1,"yes","yes","no","no","between","cvp","32_p_num","N/A","single",0.475567338040826,0.0514135268313202,0.5,2,-0.0833333333333333,0.666666666666667
"32","206","McGinley et al. (1975)","Subject effects and demand characteristics",1975,1,"yes","yes","no","no","between","nvc","32_n_num","N/A","single",0.0453504935760582,0.0500128541704225,0.4375,2.4375,0.3125,0.625
"33","207","McGlynn et al. (1972)","Experimental desensitization of snake-avoidance after an instructional manipulation",1972,1,"yes","yes","no","no","between","cvp","33_p_beh","N/A","single",-0.325331464390002,0.225162237825615,0.772727272727273,1.63636363636364,0.0909090909090909,0.772727272727273
"33","208","McGlynn et al. (1972)","Experimental desensitization of snake-avoidance after an instructional manipulation",1972,1,"yes","yes","no","no","between","cvp","33_p_beh","N/A","single",-0.325331464390002,0.225162237825615,0.772727272727273,1.63636363636364,0.0909090909090909,0.772727272727273
"34","209","Standing et al. (2008, Study 1)","A demonstration of nonlinear demand characteristics in the 'Mozart Effect' experimental paradigm",2008,1,"yes","yes","no","no","between","pvn","34_p_spa","34_n_spa","double",-0.0274562587664057,0.100009423076818,-0.103174603174603,3.42063492063492,0.396825396825397,0.563492063492063
"34","210","Standing et al. (2008, Study 1)","A demonstration of nonlinear demand characteristics in the 'Mozart Effect' experimental paradigm",2008,1,"yes","yes","no","no","between","cvp","34_p_spa","N/A","single",-0.384978019040872,0.101852600939308,0.611111111111111,1.77777777777778,0.611111111111111,0.777777777777778
"34","211","Standing et al. (2008, Study 1)","A demonstration of nonlinear demand characteristics in the 'Mozart Effect' experimental paradigm",2008,1,"yes","yes","no","no","between","nvc","34_n_spa","N/A","single",0.364088848159005,0.101657008616922,-0.714285714285714,1.64285714285714,-0.214285714285714,-0.214285714285714
"34","212","Standing et al. (2008, Study 1)","A demonstration of nonlinear demand characteristics in the 'Mozart Effect' experimental paradigm",2008,1,"yes","yes","no","no","between","pvn","34_p_ver","34_n_ver","double",-0.0447167967993187,0.10002499489895,0.176470588235294,4.38970588235294,0.169117647058824,0.602941176470588
"34","213","Standing et al. (2008, Study 1)","A demonstration of nonlinear demand characteristics in the 'Mozart Effect' experimental paradigm",2008,1,"yes","yes","no","no","between","cvp","34_p_ver","N/A","single",-0.0634329570809136,0.10005029675055,0.176470588235294,1.76470588235294,0.294117647058824,0.352941176470588
"34","214","Standing et al. (2008, Study 1)","A demonstration of nonlinear demand characteristics in the 'Mozart Effect' experimental paradigm",2008,1,"yes","yes","no","no","between","nvc","34_n_ver","N/A","single",0.0193036842970384,0.100004657902843,0,2.625,-0.125,0.25
"35","215","Standing et al. (2008, Study 2)","A demonstration of nonlinear demand characteristics in the 'Mozart Effect' experimental paradigm",2008,2,"yes","mix","no","no","between","pvn","35_p_pus","35_n_pus","double",-0.0679257381863924,0.100057673823852,-0.31203007518797,3.85714285714286,-3.20676691729323,0.018796992481203
"35","216","Standing et al. (2008, Study 2)","A demonstration of nonlinear demand characteristics in the 'Mozart Effect' experimental paradigm",2008,2,"yes","mix","no","no","between","cvp","35_p_pus","N/A","single",-0.566946172109076,0.104017849525864,0.214285714285714,1.85714285714286,-1.78571428571429,0.0714285714285714
"35","217","Standing et al. (2008, Study 2)","A demonstration of nonlinear demand characteristics in the 'Mozart Effect' experimental paradigm",2008,2,"yes","mix","no","no","between","nvc","35_n_pus","N/A","single",0.490237330372016,0.103004158001129,-0.526315789473684,2,-1.42105263157895,-0.0526315789473684
"36","218","Verpaelst & Standing (2007)","Demand characteristics of music affect performance on the Wonderlic Personnel Test of Intelligence.",2007,1,"yes","yes","no","no","between","pvn","36_p_won","36_n_won","double",0.601104605412275,0.0696777228887321,1.53333333333333,4.4,1.46666666666667,1.33333333333333
"37","219","Lana & Menapace (1971)","Subject commitment and demand characteristics in attitude change",1971,1,"yes","no","no","no","between","cvp","37_p_att","N/A","single",-0.880669168862315,0.156706753303297,0.533333333333333,3,1.4,1
"38","220","Schauer (1969)","Demand characteristics in a quasi-psychophysical experiment",1969,1,"no","yes","no","no","between","pvn","38_p_err","38_n_err","double",-0.311841462989154,0.0451421568627451,0.375,3.91071428571429,1.03571428571429,1.02678571428571
"39","221","Cramer (2004)","Effect of the destructive disagreement belief on relationship satisfaction with a romantic partner or closest friend",2004,1,"yes","yes","no",NA,"between","cvp","39_p_sat","N/A","single",-0.199654874635,0.0693091557669441,0,2.33333333333333,-0.466666666666667,0.2
"39","222","Cramer (2004)","Effect of the destructive disagreement belief on relationship satisfaction with a romantic partner or closest friend",2004,1,"yes","yes","no",NA,"between","nvc","39_n_sat","N/A","single",0.200102118975252,0.0649062434786429,0,2.86666666666667,-0.8,0.4
