"id","name","year","study","published","student","paid","online","design","outcome","ref.type","vig.1","vig.2","es.calc","direction","n.1","m.1","sd.1","n.2","m.2","sd.2","count.1","count.2","fval","tval","pval","es","es.var"
"1","The contribution of nondeprivation factors in the production of sensory deprivation effects: The psychology of the ""panic button""",1964,1,"yes","yes","yes","no","between","mirror tracing, # times traced line went out of border;
experimental vs. control conditions","cvp","01_p_tr1","N/A","f","positive",10,NA,NA,10,NA,NA,NA,NA,1.67,NA,NA,0.577927331071996,0.20835
"1","The contribution of nondeprivation factors in the production of sensory deprivation effects: The psychology of the ""panic button""",1964,1,"yes","yes","yes","no","between","angular deviation, spatial orientation/drawing test; experimental vs. control conditions","cvp","01_p_ang","N/A","f","positive",10,NA,NA,10,NA,NA,NA,NA,0.25,NA,NA,0.223606797749979,0.20125
"1","The contribution of nondeprivation factors in the production of sensory deprivation effects: The psychology of the ""panic button""",1964,1,"yes","yes","yes","no","between","linear deviation, spatial orientation/drawing test; experimental vs. control conditions","cvp","01_p_lin","N/A","f","positive",10,NA,NA,10,NA,NA,NA,NA,3.34,NA,NA,0.817312669668102,0.2167
"1","The contribution of nondeprivation factors in the production of sensory deprivation effects: The psychology of the ""panic button""",1964,1,"yes","yes","yes","no","between","word recognition test score, experimental vs. control conditions","cvp","01_p_wor","N/A","t","negative",10,NA,NA,10,NA,NA,NA,NA,NA,0.5,NA,-0.223606797749979,0.20125
"1","The contribution of nondeprivation factors in the production of sensory deprivation effects: The psychology of the ""panic button""",1964,1,"yes","yes","yes","no","between","number of shifts identified in reversible figure, experimental vs. control conditions","cvp","01_p_rev","N/A","f","positive",10,NA,NA,10,NA,NA,NA,NA,1.54,NA,NA,0.554977477020464,0.2077
"1","The contribution of nondeprivation factors in the production of sensory deprivation effects: The psychology of the ""panic button""",1964,1,"yes","yes","yes","no","between","Wechsler Adult Intelligence Scale digit-symbol subtest score, experimental vs. control conditions","cvp","01_p_dig","N/A","f","positive",10,NA,NA,10,NA,NA,NA,NA,0.05,NA,NA,0.1,0.20025
"1","The contribution of nondeprivation factors in the production of sensory deprivation effects: The psychology of the ""panic button""",1964,1,"yes","yes","yes","no","between","MacQuarrie-Morris Test of Mechanical Ability, tapping speed, experimental vs. control conditions","cvp","01_p_tap","N/A","f","negative",10,NA,NA,10,NA,NA,NA,NA,2.26,NA,NA,-0.672309452558864,0.2113
"1","The contribution of nondeprivation factors in the production of sensory deprivation effects: The psychology of the ""panic button""",1964,1,"yes","yes","yes","no","between","MacQuarrie-Morris Test of Mechanical Ability, tracing speed, experimental vs. control conditions","cvp","01_p_tr2","N/A","f","positive",10,NA,NA,10,NA,NA,NA,NA,4.57,NA,NA,0.95603347221737,0.22285
"1","The contribution of nondeprivation factors in the production of sensory deprivation effects: The psychology of the ""panic button""",1964,1,"yes","yes","yes","no","between","MacQuarrie-Morris Test of Mechanical Ability, visual pursuit, experimental vs. control conditions","cvp","01_p_vis","N/A","f","positive",10,NA,NA,10,NA,NA,NA,NA,0.22,NA,NA,0.20976176963403,0.2011
"1","The contribution of nondeprivation factors in the production of sensory deprivation effects: The psychology of the ""panic button""",1964,1,"yes","yes","yes","no","between","distortions observed in simple geometrical forms, experimental vs. control conditions","cvp","01_p_sim","N/A","p","positive",10,NA,NA,10,NA,NA,NA,NA,NA,NA,0.02,1.14145887149466,0.232573208882846
"1","The contribution of nondeprivation factors in the production of sensory deprivation effects: The psychology of the ""panic button""",1964,1,"yes","yes","yes","no","between","duration of archimedes spiral aftereffect, experimental vs. control conditions","cvp","01_p_dur","N/A","f","positive",10,NA,NA,10,NA,NA,NA,NA,0.99,NA,NA,0.44497190922574,0.20495
"1","The contribution of nondeprivation factors in the production of sensory deprivation effects: The psychology of the ""panic button""",1964,1,"yes","yes","yes","no","between","archimedes spiral aftereffect change, experimental vs. control conditions","cvp","01_p_dur","N/A","t","positive",10,NA,NA,10,NA,NA,NA,NA,NA,3.38,NA,1.51158195278986,0.257122
"1","The contribution of nondeprivation factors in the production of sensory deprivation effects: The psychology of the ""panic button""",1964,1,"yes","yes","yes","no","between","correct logical deductions on Watson Glazer Appraisal of Critical Thinking, experimental vs. control conditions","cvp","01_p_log","N/A","t","negative",10,NA,NA,10,NA,NA,NA,NA,NA,1.64,NA,-0.733430296619931,0.213448
"1","The contribution of nondeprivation factors in the production of sensory deprivation effects: The psychology of the ""panic button""",1964,1,"yes","yes","yes","no","between","perceptual aberrations, experimental vs. control conditions","cvp","01_p_per","N/A","or","positive",10,NA,NA,10,NA,NA,4,7,NA,NA,NA,0.690684423645877,0.271396027613405
"1","The contribution of nondeprivation factors in the production of sensory deprivation effects: The psychology of the ""panic button""",1964,1,"yes","yes","yes","no","between","intellectual dullness, experimental vs. control conditions","cvp","01_p_dul","N/A","or","positive",10,NA,NA,10,NA,NA,1,8,NA,NA,NA,1.97569753806208,0.527714498137176
"1","The contribution of nondeprivation factors in the production of sensory deprivation effects: The psychology of the ""panic button""",1964,1,"yes","yes","yes","no","between","affective unpleasantness, experimental vs. control conditions","cvp","01_p_unp","N/A","or","positive",10,NA,NA,10,NA,NA,2,6,NA,NA,NA,0.98784876903104,0.316628698882306
"1","The contribution of nondeprivation factors in the production of sensory deprivation effects: The psychology of the ""panic button""",1964,1,"yes","yes","yes","no","between","anxiety fears, experimental vs. control conditions","cvp","01_p_anx","N/A","or","positive",10,NA,NA,10,NA,NA,4,6,NA,NA,NA,0.447089260370704,0.253302959105844
"1","The contribution of nondeprivation factors in the production of sensory deprivation effects: The psychology of the ""panic button""",1964,1,"yes","yes","yes","no","between","spatial disorientation, experimental vs. control conditions","cvp","01_p_spa","N/A","or","positive",10,NA,NA,10,NA,NA,2,6,NA,NA,NA,0.98784876903104,0.316628698882306
"1","The contribution of nondeprivation factors in the production of sensory deprivation effects: The psychology of the ""panic button""",1964,1,"yes","yes","yes","no","between","restlessness, experimental vs. control conditions","cvp","01_p_res","N/A","or","positive",10,NA,NA,10,NA,NA,2,7,NA,NA,NA,1.23144393230621,0.334721767389866
"1","The contribution of nondeprivation factors in the production of sensory deprivation effects: The psychology of the ""panic button""",1964,1,"yes","yes","yes","no","between","irritability, experimental vs. control conditions","cvp","01_p_irr","N/A","or","positive",10,NA,NA,10,NA,NA,3,6,NA,NA,NA,0.690684423645877,0.271396027613405
"2","Hypothesis awareness as a demand characteristic in laboratory-based eating behaviour research: An experimental study",2019,1,"yes",NA,"no","no","between","residual changes in cookie intake","cvp","02_p_coo","N/A","t","positive",41,NA,NA,43,NA,NA,NA,NA,NA,-0.4,NA,0.0873119078760073,0.0476914350538854
"3","Attention or instruction: Do sustained attentional abilities really differ between high and low hypnotisable persons?",2018,1,"yes",NA,"yes","no","between","differences in switches for lows in test phase, switch vs. maintain condition","pvn","03_p_swi","03_n_swi","m_sd","positive",11.5,16.5,5.76498048565648,11.5,13.6,8.47791247890659,NA,NA,NA,NA,NA,0.400028540509722,0.177391800722225
"3","Attention or instruction: Do sustained attentional abilities really differ between high and low hypnotisable persons?",2018,1,"yes",NA,"yes","no","between","differences in switches for mediums in test phase, switch vs. maintain condition","pvn","03_p_swi","03_n_swi","m_sd","positive",12,16.6,3.81051177665153,12,12.3,4.50333209967908,NA,NA,NA,NA,NA,1.03084609819358,0.188805076628352
"3","Attention or instruction: Do sustained attentional abilities really differ between high and low hypnotisable persons?",2018,1,"yes",NA,"yes","no","between","differences in switches for highs in test phase, switch vs. maintain condition","pvn","03_p_swi","03_n_swi","m_sd","positive",10.5,24.2,11.6653332571341,10.5,11.8,9.3970740126914,NA,NA,NA,NA,NA,1.1706842414775,0.223107180791518
"3","Attention or instruction: Do sustained attentional abilities really differ between high and low hypnotisable persons?",2018,1,"yes",NA,"yes","no","within","differences in switches between the test and neutral block for lows in switch condition","cvp","03_p_swi","N/A","m_sd","positive",11.5,16.5,5.76498048565648,11.5,15,4.40851448903142,NA,NA,NA,NA,NA,0.287321527002279,0.0905458112990835
"3","Attention or instruction: Do sustained attentional abilities really differ between high and low hypnotisable persons?",2018,1,"yes",NA,"yes","no","within","differences in switches between the test and neutral block for lows in maintain condition","nvc","03_n_swi","N/A","m_sd","positive",11.5,13.6,8.47791247890659,11.5,15,4.40851448903142,NA,NA,NA,NA,NA,0.190630634830176,0.0885365234319894
"3","Attention or instruction: Do sustained attentional abilities really differ between high and low hypnotisable persons?",2018,1,"yes",NA,"yes","no","within","differences in switches between the test and neutral block for mediums in switch condition","cvp","03_p_swi","N/A","m_sd","positive",12,16.6,3.81051177665153,12,14.2,3.81051177665153,NA,NA,NA,NA,NA,0.629836657297774,0.0998622589531681
"3","Attention or instruction: Do sustained attentional abilities really differ between high and low hypnotisable persons?",2018,1,"yes",NA,"yes","no","within","differences in switches between the test and neutral block for mediums in maintain condition","nvc","03_n_swi","N/A","m_sd","positive",12,12.3,4.50333209967908,12,14.2,3.81051177665153,NA,NA,NA,NA,NA,0.452380952380952,0.0918603552532124
"3","Attention or instruction: Do sustained attentional abilities really differ between high and low hypnotisable persons?",2018,1,"yes",NA,"yes","no","within","differences in switches between the test and neutral block for highs in switch condition","cvp","03_p_swi","N/A","m_sd","positive",10.5,24.2,11.6653332571341,10.5,21,7.12881476824865,NA,NA,NA,NA,NA,0.314178785462394,0.0999384909159345
"3","Attention or instruction: Do sustained attentional abilities really differ between high and low hypnotisable persons?",2018,1,"yes",NA,"yes","no","within","differences in switches between the test and neutral block for highs in maintain condition","nvc","03_n_swi","N/A","m_sd","positive",10.5,11.8,9.3970740126914,10.5,21,7.12881476824865,NA,NA,NA,NA,NA,1.08321535899694,0.151112167331756
"4","Did I do that? Expectancy effects of brain stimulation on error-related negativity and sense of agency",2017,1,"yes","mix","no","no","within","differences in perceived agency in improvement vs. control","cvp","04_p_age","N/A","t","negative",23,5.09,1.16,23,6.82,0.35,NA,NA,NA,6.99,NA,-1.45751575425895,0.0896598298676749
"4","Did I do that? Expectancy effects of brain stimulation on error-related negativity and sense of agency",2017,1,"yes","mix","no","no","within","differences in perceived agency in impairment vs. control","nvc","04_n_age","N/A","t","positive",23,4.04,1.24,23,6.82,0.35,NA,NA,NA,9.87,NA,2.05803726674333,0.135554725897921
"4","Did I do that? Expectancy effects of brain stimulation on error-related negativity and sense of agency",2017,1,"yes","mix","no","no","within","differences in perceived agency in improvement vs. impairment","pvn","04_p_age","04_n_age","t","positive",23,4.04,1.24,23,5.09,1.16,NA,NA,NA,-4.41,NA,0.9195485659917,0.0618602079395085
"4","Did I do that? Expectancy effects of brain stimulation on error-related negativity and sense of agency",2017,1,"yes","mix","no","no","within","differences in subjective performance in improvement vs. impairment","pvn","04_p_per","04_n_per","t","positive",23,3.09,0.79,23,2.35,0.76,NA,NA,NA,3.36,NA,0.700608431231771,0.0541489603024575
"4","Did I do that? Expectancy effects of brain stimulation on error-related negativity and sense of agency",2017,1,"yes","mix","no","no","within","differences in % of errors on congruent trials in the improvement vs. impairment demand conditions","pvn","04_p_err","04_n_err","m_sd","negative",23,1.5,1.81,23,1.6,1.74,NA,NA,NA,NA,NA,-0.0563051995551094,0.0435471799021074
"4","Did I do that? Expectancy effects of brain stimulation on error-related negativity and sense of agency",2017,1,"yes","mix","no","no","within","differences in % of errors on congruent trials in the improvement vs. control condition","cvp","04_p_err","N/A","m_sd","negative",23,1.4,1.97,23,1.6,1.74,NA,NA,NA,NA,NA,-0.107200472369202,0.043728085679917
"4","Did I do that? Expectancy effects of brain stimulation on error-related negativity and sense of agency",2017,1,"yes","mix","no","no","within","differences in % of errors on congruent trials in the impairment vs. control condition","nvc","04_n_err","N/A","m_sd","positive",23,1.5,1.81,23,1.4,1.97,NA,NA,NA,NA,NA,0.0527684280894847,0.0435387936305008
"4","Did I do that? Expectancy effects of brain stimulation on error-related negativity and sense of agency",2017,1,"yes","mix","no","no","within","differences in % of errors on incongruent trials in the improvement vs. impairment demand conditions","pvn","04_p_err","04_n_err","m_sd","negative",23,25.5,7.34,23,25.5,9.36,NA,NA,NA,NA,NA,0,0.0434782608695652
"4","Did I do that? Expectancy effects of brain stimulation on error-related negativity and sense of agency",2017,1,"yes","mix","no","no","within","differences in % of errors on incongruent trials in the improvement vs. control demand conditions","cvp","04_p_err","N/A","m_sd","positive",23,27.9,8.6,23,25.5,9.36,NA,NA,NA,NA,NA,0.266545596903849,0.0450227512006267
"4","Did I do that? Expectancy effects of brain stimulation on error-related negativity and sense of agency",2017,1,"yes","mix","no","no","within","differences in % of errors on incongruent trials in the impairment vs. control demand conditions","nvc","04_n_err","N/A","m_sd","negative",23,25.5,7.34,23,27.9,8.6,NA,NA,NA,NA,NA,-0.298345967867739,0.0454132677509334
"4","Did I do that? Expectancy effects of brain stimulation on error-related negativity and sense of agency",2017,1,"yes","mix","no","no","within","differences in RT on congruent trials in the improvement vs. impairment demand conditions","pvn","04_p_rea","04_n_rea","m_sd","positive",23,339,35.6,23,337,37.6,NA,NA,NA,NA,NA,0.0545837216751513,0.043543030058085
"4","Did I do that? Expectancy effects of brain stimulation on error-related negativity and sense of agency",2017,1,"yes","mix","no","no","within","differences in RT on congruent trials in the improvement vs. control condition","cvp","04_p_rea","N/A","m_sd","positive",23,339,36,23,337,37.6,NA,NA,NA,NA,NA,0.0543093406629727,0.0435423805322445
"4","Did I do that? Expectancy effects of brain stimulation on error-related negativity and sense of agency",2017,1,"yes","mix","no","no","within","differences in RT  on congruent trials in the impairment vs. control condition","nvc","04_n_rea","N/A","m_sd","negative",23,339,35.6,23,339,36,NA,NA,NA,NA,NA,0,0.0434782608695652
"4","Did I do that? Expectancy effects of brain stimulation on error-related negativity and sense of agency",2017,1,"yes","mix","no","no","within","differences in RT on incongruent trials in the improvement vs. impairment demand conditions","pvn","04_p_rea","04_n_rea","m_sd","positive",23,399,43.1,23,396,43.1,NA,NA,NA,NA,NA,0.0696055684454756,0.0435835855469265
"4","Did I do that? Expectancy effects of brain stimulation on error-related negativity and sense of agency",2017,1,"yes","mix","no","no","within","differences in RT on incongruent trials in the improvement vs. control condition","cvp","04_p_rea","N/A","m_sd","positive",23,397,46.4,23,396,43.1,NA,NA,NA,NA,NA,0.022300937532165,0.0434890724307568
"4","Did I do that? Expectancy effects of brain stimulation on error-related negativity and sense of agency",2017,1,"yes","mix","no","no","within","differences in RT  on incongruent trials in the impairment vs. control condition","nvc","04_n_rea","N/A","m_sd","positive",23,399,43.1,23,397,46.4,NA,NA,NA,NA,NA,0.04460187506433,0.0435215071143316
"5","Choice-making, expectations, and treatment positivity: How and when choosing shapes aversive experiences",2014,1,"yes","yes","no","no","between","post-manipulation self-reported discomfort among participants who chose a placebo vs. were controls","cvp","05_p_dis","N/A","m_sd","positive",26,3.85,1.55,26,4.54,1.66,NA,NA,NA,NA,NA,0.429654346703696,0.0786981044003979
"5","Choice-making, expectations, and treatment positivity: How and when choosing shapes aversive experiences",2014,1,"yes","yes","no","no","between","post-manipulation self-reported discomfort among participants who were assigned a placebo vs. were controls","cvp","05_p_dis","N/A","m_sd","positive",26,3.9,1.35,26,4.54,1.66,NA,NA,NA,NA,NA,0.423011655985486,0.0786436428951883
"5","Choice-making, expectations, and treatment positivity: How and when choosing shapes aversive experiences",2014,1,"yes","yes","no","no","within","pre vs. post differencesself-reported discomfort among participants who chose a placebo","cvp","05_p_dis","N/A","m_sd","positive",26,3.85,1.55,26,4.68,1.24,NA,NA,NA,NA,NA,0.584260802889915,0.0450261670344917
"5","Choice-making, expectations, and treatment positivity: How and when choosing shapes aversive experiences",2014,1,"yes","yes","no","no","within","pre vs. post differencesself-reported discomfort among participants who were assigned a placebo","cvp","05_p_dis","N/A","m_sd","positive",26,3.9,1.35,26,3.99,1.6,NA,NA,NA,NA,NA,0.0603700623814986,0.0385316258544605
"6","Choice-making, expectations, and treatment positivity: How and when choosing shapes aversive experiences",2014,2,"yes","yes","no","no","between","post-manipulation self-reported discomfort among choice participants, expectation vs. no-expectation","cvp","05_p_dis","N/A","m_sd","negative",20,4,1.75,20,3.91,1.57,NA,NA,NA,NA,NA,-0.0541373583200347,0.100036635669573
"6","Choice-making, expectations, and treatment positivity: How and when choosing shapes aversive experiences",2014,2,"yes","yes","no","no","between","post-manipulation self-reported discomfort among no-choice participants;
expectation vs. no-expectation","cvp","05_p_dis","N/A","m_sd","positive",20,4.06,1.46,20,4.31,1.71,NA,NA,NA,NA,NA,0.157240479231772,0.100309057103863
"6","Choice-making, expectations, and treatment positivity: How and when choosing shapes aversive experiences",2014,2,"yes","yes","no","no","within","pre vs. post differencesself-reported discomfort among participants in the choice-expectation","cvp","05_p_dis","N/A","m_sd","positive",20,4,1.75,20,4.42,1.7,NA,NA,NA,NA,NA,0.243401586875893,0.0514811083123426
"6","Choice-making, expectations, and treatment positivity: How and when choosing shapes aversive experiences",2014,2,"yes","yes","no","no","within","pre vs. post differencesself-reported discomfort among participants in the no-choice-expectation","cvp","05_p_dis","N/A","m_sd","negative",20,4.06,1.46,20,3.96,1.62,NA,NA,NA,NA,NA,-0.0646737995740686,0.0501045675087837
"7","The social psychology of perception experiments: Hills, backpacks, glucose and the problem of generalizability",2012,1,"yes","yes","no","no","between","Verbal estimates of steepness between normal backpack and ignored backpack condition","cvz","07_z_ver","N/A","f","positive",16,NA,NA,21,NA,NA,NA,NA,0.99,NA,NA,0.330178523139918,0.111592261904762
"7","The social psychology of perception experiments: Hills, backpacks, glucose and the problem of generalizability",2012,1,"yes","yes","no","no","between","Manual estimates of steepness between normal backpack and ignored backpack condition","cvz","07_z_man","N/A","f","positive",16,NA,NA,21,NA,NA,NA,NA,4.9,NA,NA,0.734563362367967,0.117410714285714
"8","A follow-up analogue study on the effectiveness of the cognitive rationale",2007,1,"yes","yes","no","no","between","ABC-high vs. ACB-high post ATF scores","pvn","08_p_pos","08_n_pos","m_sd","positive",35,44.77,12.41,38,27.21,12.66,NA,NA,NA,NA,NA,1.40021808821113,0.0683160584187677
"8","A follow-up analogue study on the effectiveness of the cognitive rationale",2007,1,"yes","yes","no","no","between","ABC-high vs. ACB-high follow-up ATF scores","pvn","08_p_fol","08_n_fol","m_sd","positive",35,46.14,10.43,38,31.53,13.82,NA,NA,NA,NA,NA,1.18649031025562,0.0645294047323078
"8","A follow-up analogue study on the effectiveness of the cognitive rationale",2007,1,"yes","yes","no","no","within","ABC-high pre vs. post ATF scores","cvp","08_p_pos","N/A","m_sd","positive",35,44.77,12.41,35,32.71,9.53,NA,NA,NA,NA,NA,1.07200338806544,0.0449884466289113
"8","A follow-up analogue study on the effectiveness of the cognitive rationale",2007,1,"yes","yes","no","no","within","ACB-high pre vs. post ATF scores","nvc","08_n_pos","N/A","m_sd","positive",38,27.21,12.66,38,32.95,8.93,NA,NA,NA,NA,NA,0.509409425562265,0.0297302363533115
"8","A follow-up analogue study on the effectiveness of the cognitive rationale",2007,1,"yes","yes","no","no","between","ABC-high vs. ACB-high change ATF scores","pvn","08_p_pos","08_n_pos","m_sd","positive",35,12.06,16.5,38,-5.74,11,NA,NA,NA,NA,NA,1.27984849105142,0.066106479415295
"8","A follow-up analogue study on the effectiveness of the cognitive rationale",2007,1,"yes","yes","no","no","between","ABC vs. ACB DRQ scores","pvn","08_p_drq","08_n_drq","m_sd","positive",65,1.75,0.78,65,1.27,0.7,NA,NA,NA,NA,NA,0.647703096180005,0.0323827665415429
"9","Effect of the destructive disagreement belief on satisfaction with one's closest friend",2004,1,"yes","yes","no",NA,"between","post-intervention relationship satisfaction scores for irrational vs. irrational counter demand","cvp","09_p_sat","N/A","m_sd","negative",32,3.33,1.01,34,3.2,0.85,NA,NA,NA,NA,NA,-0.139643743172445,0.0608094948195734
"9","Effect of the destructive disagreement belief on satisfaction with one's closest friend",2005,1,"yes","yes","no",NA,"between","post-intervention relationship satisfaction scores for rational vs. rational counter demand","nvc","09_n_sat","N/A","m_sd","positive",30,3.83,0.78,34,3.9,0.74,NA,NA,NA,NA,NA,0.0922299993473223,0.0628115540765564
"10","Experimental and psychotherapeutic demand characteristics and the cognitive therapy rationale: An analogue study",2004,1,"yes","yes","no","no","within","difference in pre vs. post scores for the ABC condition","cvp","08_p_pos","N/A","m_sd","positive",98,0.58,0.12,98,0.71,0.16,NA,NA,NA,NA,NA,0.901387818865997,0.0143494897959184
"10","Experimental and psychotherapeutic demand characteristics and the cognitive therapy rationale: An analogue study",2004,1,"yes","yes","no","no","within","difference in pre vs. post scores for the ACB condition","nvc","08_n_pos","N/A","m_sd","positive",100,0.55,0.11,100,0.45,0.17,NA,NA,NA,NA,NA,0.669649530182425,0.0122421524663677
"10","Experimental and psychotherapeutic demand characteristics and the cognitive therapy rationale: An analogue study",2004,1,"yes","yes","no","no","between","difference in post scores between the ABC and ACB","pvn","08_p_pos","08_n_pos","m_sd","positive",98,0.71,0.16,100,0.45,0.17,NA,NA,NA,NA,NA,1.57454823381133,0.0264646930988106
"11","Fact or artifact? Demand characteristics and participants’ beliefs can moderate, but do not fully account for, the effects of facial feedback on emotional experience",2022,1,"yes","yes","no","no","between","self-reported happiness for happy pose; positive demand vs. control","cvp","11_p_hap","N/A","m_sd","positive",86,1.59,1.34,77,1.25,1.28,NA,NA,NA,NA,NA,0.259142593720191,0.0248209165400763
"11","Fact or artifact? Demand characteristics and participants’ beliefs can moderate, but do not fully account for, the effects of facial feedback on emotional experience",2022,1,"yes","yes","no","no","between","self-reported happiness for happy pose; positive demand vs. null demand","pvz","11_p_hap","11_z_hap","m_sd","positive",86,1.59,1.34,87,0.64,0.87,NA,NA,NA,NA,NA,0.841924399994427,0.0251708208193998
"11","Fact or artifact? Demand characteristics and participants’ beliefs can moderate, but do not fully account for, the effects of facial feedback on emotional experience",2022,1,"yes","yes","no","no","between","self-reported happiness for happy pose; null demand vs. control","cvz","11_z_hap","N/A","m_sd","positive",87,0.64,0.87,77,1.25,1.28,NA,NA,NA,NA,NA,0.563838415267979,0.025450515124393
"11","Fact or artifact? Demand characteristics and participants’ beliefs can moderate, but do not fully account for, the effects of facial feedback on emotional experience",2022,1,"yes","yes","no","no","between","self-reported anger for angry pose; positive demand vs. control","cvp","11_p_ang","N/A","m_sd","positive",86,1.01,1.07,77,0.74,0.88,NA,NA,NA,NA,NA,0.274142674651865,0.0248454543381905
"11","Fact or artifact? Demand characteristics and participants’ beliefs can moderate, but do not fully account for, the effects of facial feedback on emotional experience",2022,1,"yes","yes","no","no","between","self-reported anger  for angry pose; positive demand vs. null demand","pvz","11_p_ang","11_z_ang","m_sd","positive",86,1.01,1.07,87,0.34,0.6,NA,NA,NA,NA,NA,0.773569444412186,0.0248516676113715
"11","Fact or artifact? Demand characteristics and participants’ beliefs can moderate, but do not fully account for, the effects of facial feedback on emotional experience",2022,1,"yes","yes","no","no","between","self-reported anger for angry pose; null demand vs. control","cvz","11_z_ang","N/A","m_sd","positive",77,0.74,0.88,87,0.34,0.6,NA,NA,NA,NA,NA,0.537210524213777,0.025361129114619
"11","Fact or artifact? Demand characteristics and participants’ beliefs can moderate, but do not fully account for, the effects of facial feedback on emotional experience",2022,1,"yes","yes","no","no","between","difference in self-reported happiness for happy vs. neutral poses

positive demand vs. control","cvp","11_p_hap","N/A","m_sd","positive",86,1.27,1.31,77,0.89,1.32,NA,NA,NA,NA,NA,0.289032734677253,0.0248711773923308
"11","Fact or artifact? Demand characteristics and participants’ beliefs can moderate, but do not fully account for, the effects of facial feedback on emotional experience",2022,1,"yes","yes","no","no","between","difference in self-reported happiness for happy vs. angry poses

positive demand vs. control","cvp","11_p_hap","N/A","m_sd","positive",86,1.36,1.26,77,0.97,1.27,NA,NA,NA,NA,NA,0.308366127317362,0.024906606063379
"11","Fact or artifact? Demand characteristics and participants’ beliefs can moderate, but do not fully account for, the effects of facial feedback on emotional experience",2022,1,"yes","yes","no","no","between","difference in self-reported happiness for happy vs. neutral poses

positive demand vs. null demand","pvz","11_p_hap","11_z_hap","m_sd","positive",86,1.27,1.31,87,0.33,1.04,NA,NA,NA,NA,NA,0.79529905908345,0.0249501962473566
"11","Fact or artifact? Demand characteristics and participants’ beliefs can moderate, but do not fully account for, the effects of facial feedback on emotional experience",2022,1,"yes","yes","no","no","between","difference in self-reported happiness for happy vs. angry poses

positive demand vs. null demand","pvz","11_p_hap","11_z_hap","m_sd","positive",86,1.36,1.26,87,0.43,0.75,NA,NA,NA,NA,NA,0.898203814179263,0.0254538653179553
"11","Fact or artifact? Demand characteristics and participants’ beliefs can moderate, but do not fully account for, the effects of facial feedback on emotional experience",2022,1,"yes","yes","no","no","between","difference in self-reported happiness for happy vs. neutral poses

control vs. null demand","cvz","11_z_hap","N/A","m_sd","positive",77,0.89,1.32,87,0.33,1.04,NA,NA,NA,NA,NA,0.474711820990309,0.025168312546515
"11","Fact or artifact? Demand characteristics and participants’ beliefs can moderate, but do not fully account for, the effects of facial feedback on emotional experience",2022,1,"yes","yes","no","no","between","difference in self-reported happiness for happy vs. angry poses

control vs. null demand","cvz","11_z_hap","N/A","m_sd","positive",77,0.97,1.27,87,0.43,0.75,NA,NA,NA,NA,NA,0.525665960693935,0.0253237192210405
"11","Fact or artifact? Demand characteristics and participants’ beliefs can moderate, but do not fully account for, the effects of facial feedback on emotional experience",2022,1,"yes","yes","no","no","between","difference in self-reported anger for angry vs. neutral poses

positive demand vs. control","cvp","11_p_ang","N/A","m_sd","positive",86,0.67,0.89,77,0.55,0.79,NA,NA,NA,NA,NA,0.142134244388531,0.0246768897288734
"11","Fact or artifact? Demand characteristics and participants’ beliefs can moderate, but do not fully account for, the effects of facial feedback on emotional experience",2022,1,"yes","yes","no","no","between","difference in self-reported anger for angry vs. happy poses

positive demand vs. control","cvp","11_p_ang","N/A","m_sd","positive",86,0.82,1.03,77,0.54,0.85,NA,NA,NA,NA,NA,0.294956157757007,0.0248817884760234
"11","Fact or artifact? Demand characteristics and participants’ beliefs can moderate, but do not fully account for, the effects of facial feedback on emotional experience",2022,1,"yes","yes","no","no","between","difference in self-reported anger for angry  vs. neutral poses

positive demand vs. null demand","pvz","11_p_ang","11_z_ang","m_sd","positive",86,0.67,0.89,87,0.23,0.54,NA,NA,NA,NA,NA,0.598549966824741,0.0241575993381279
"11","Fact or artifact? Demand characteristics and participants’ beliefs can moderate, but do not fully account for, the effects of facial feedback on emotional experience",2022,1,"yes","yes","no","no","between","difference in self-reported anger for angry vs. happy poses

positive demand vs. null demand","pvz","11_p_ang","11_z_ang","m_sd","positive",86,0.82,1.03,87,0.17,0.51,NA,NA,NA,NA,NA,0.801213237735985,0.0249774854350571
"11","Fact or artifact? Demand characteristics and participants’ beliefs can moderate, but do not fully account for, the effects of facial feedback on emotional experience",2022,1,"yes","yes","no","no","between","difference in self-reported anger for anger vs. neutral poses

control vs. null demand","cvz","11_z_ang","N/A","m_sd","positive",77,0.55,0.79,87,0.23,0.54,NA,NA,NA,NA,NA,0.478311616872831,0.025178771966782
"11","Fact or artifact? Demand characteristics and participants’ beliefs can moderate, but do not fully account for, the effects of facial feedback on emotional experience",2022,1,"yes","yes","no","no","between","difference in self-reported anger for angry vs. happy poses

control vs. null demand","cvz","11_z_ang","N/A","m_sd","positive",77,0.54,0.85,87,0.17,0.51,NA,NA,NA,NA,NA,0.535709821329093,0.0253562201674922
"12","Fact or artifact? Demand characteristics and participants’ beliefs can moderate, but do not fully account for, the effects of facial feedback on emotional experience",2022,2,"yes","yes","no","yes","between","self-reported happiness for happy pose; positive demand vs. control","cvp","12_p_hap","N/A","m_sd","positive",67,1.66,1.36,65,1.32,1.29,NA,NA,NA,NA,NA,0.256410189103901,0.0305590270987782
"12","Fact or artifact? Demand characteristics and participants’ beliefs can moderate, but do not fully account for, the effects of facial feedback on emotional experience",2022,2,"yes","yes","no","yes","between","self-reported happiness for happy pose; positive demand vs. null demand","pvz","12_p_hap","12_z_hap","m_sd","positive",67,1.66,1.36,60,1.05,1.21,NA,NA,NA,NA,NA,0.472365490973143,0.0324705010492718
"12","Fact or artifact? Demand characteristics and participants’ beliefs can moderate, but do not fully account for, the effects of facial feedback on emotional experience",2022,2,"yes","yes","no","yes","between","self-reported happiness for happy pose;  control vs. null demand","cvz","12_z_hap","N/A","m_sd","positive",65,1.32,1.29,60,1.05,1.21,NA,NA,NA,NA,NA,0.215609493941688,0.0322372318667932
"12","Fact or artifact? Demand characteristics and participants’ beliefs can moderate, but do not fully account for, the effects of facial feedback on emotional experience",2022,2,"yes","yes","no","yes","between","self-reported anger for angry pose; positive demand vs. control","cvp","12_p_ang","N/A","m_sd","negative",67,1.26,1.09,65,1.59,1.16,NA,NA,NA,NA,NA,-0.29333177335844,0.030635910978268
"12","Fact or artifact? Demand characteristics and participants’ beliefs can moderate, but do not fully account for, the effects of facial feedback on emotional experience",2022,2,"yes","yes","no","yes","between","self-reported anger  for angry pose; positive demand vs. null demand","pvz","12_p_ang","12_z_ang","m_sd","positive",67,1.26,1.09,60,0.97,0.96,NA,NA,NA,NA,NA,0.281366218778262,0.0319037207028438
"12","Fact or artifact? Demand characteristics and participants’ beliefs can moderate, but do not fully account for, the effects of facial feedback on emotional experience",2022,2,"yes","yes","no","yes","between","self-reported anger for angry pose; control vs. null demand","cvz","12_z_ang","N/A","m_sd","positive",65,1.59,1.16,60,0.97,0.96,NA,NA,NA,NA,NA,0.580119162353007,0.0333974350213987
"12","Fact or artifact? Demand characteristics and participants’ beliefs can moderate, but do not fully account for, the effects of facial feedback on emotional experience",2022,2,"yes","yes","no","yes","between","difference in self-reported happiness for happy vs. neutral poses

positive demand vs. control","cvp","12_p_hap","N/A","m_sd","positive",67,1.1,1.52,65,0.82,1.51,NA,NA,NA,NA,NA,0.184808092155856,0.03043935984821
"12","Fact or artifact? Demand characteristics and participants’ beliefs can moderate, but do not fully account for, the effects of facial feedback on emotional experience",2022,2,"yes","yes","no","yes","between","difference in self-reported happiness for happy vs. angry poses

positive demand vs. control","cvp","12_p_hap","N/A","m_sd","positive",67,1.4,1.31,65,1.09,1.44,NA,NA,NA,NA,NA,0.225366650975035,0.0305023753650487
"12","Fact or artifact? Demand characteristics and participants’ beliefs can moderate, but do not fully account for, the effects of facial feedback on emotional experience",2022,2,"yes","yes","no","yes","between","difference in self-reported happiness for happy vs. neutral poses

positive demand vs. null demand","pvz","12_p_hap","12_z_hap","m_sd","positive",67,1.1,1.52,60,0.77,1.15,NA,NA,NA,NA,NA,0.243007897049505,0.0318245312892959
"12","Fact or artifact? Demand characteristics and participants’ beliefs can moderate, but do not fully account for, the effects of facial feedback on emotional experience",2022,2,"yes","yes","no","yes","between","difference in self-reported happiness for happy vs. angry poses

positive demand vs. null demand","pvz","12_p_hap","12_z_hap","m_sd","positive",67,1.4,1.31,60,0.88,1.19,NA,NA,NA,NA,NA,0.414411702759383,0.0322681699560499
"12","Fact or artifact? Demand characteristics and participants’ beliefs can moderate, but do not fully account for, the effects of facial feedback on emotional experience",2022,2,"yes","yes","no","yes","between","difference in self-reported happiness for happy vs. neutral poses

control vs. null demand","cvz","12_z_hap","N/A","m_sd","positive",65,0.82,1.51,60,0.77,1.15,NA,NA,NA,NA,NA,0.0370546951927323,0.0320567742530254
"12","Fact or artifact? Demand characteristics and participants’ beliefs can moderate, but do not fully account for, the effects of facial feedback on emotional experience",2022,2,"yes","yes","no","yes","between","difference in self-reported happiness for happy vs. angry poses

control vs. null demand","cvz","12_z_hap","N/A","m_sd","positive",65,1.09,1.44,60,0.88,1.19,NA,NA,NA,NA,NA,0.158373841078488,0.0321516111454339
"12","Fact or artifact? Demand characteristics and participants’ beliefs can moderate, but do not fully account for, the effects of facial feedback on emotional experience",2022,2,"yes","yes","no","yes","between","difference in self-reported anger for angry vs. neutral poses

positive demand vs. control","cvp","12_p_ang","N/A","m_sd","positive",67,0.81,0.98,65,0.81,1.08,NA,NA,NA,NA,NA,0,0.0303099885189437
"12","Fact or artifact? Demand characteristics and participants’ beliefs can moderate, but do not fully account for, the effects of facial feedback on emotional experience",2022,2,"yes","yes","no","yes","between","difference in self-reported anger for angry vs. happy poses

positive demand vs. control","cvp","12_p_ang","N/A","m_sd","positive",67,0.9,1.27,65,0.82,1.25,NA,NA,NA,NA,NA,0.063482313725492,0.0303252536862011
"12","Fact or artifact? Demand characteristics and participants’ beliefs can moderate, but do not fully account for, the effects of facial feedback on emotional experience",2022,2,"yes","yes","no","yes","between","difference in self-reported anger for angry  vs. neutral poses

positive demand vs. null demand","pvz","12_p_ang","12_z_ang","m_sd","positive",67,0.81,0.98,60,0.55,0.73,NA,NA,NA,NA,NA,0.298511594276385,0.031942863312481
"12","Fact or artifact? Demand characteristics and participants’ beliefs can moderate, but do not fully account for, the effects of facial feedback on emotional experience",2022,2,"yes","yes","no","yes","between","difference in self-reported anger for angry vs. happy poses

positive demand vs. null demand","pvz","12_p_ang","12_z_ang","m_sd","positive",67,0.9,1.27,60,0.59,0.98,NA,NA,NA,NA,NA,0.271374946043585,0.0318819782314681
"12","Fact or artifact? Demand characteristics and participants’ beliefs can moderate, but do not fully account for, the effects of facial feedback on emotional experience",2022,2,"yes","yes","no","yes","between","difference in self-reported anger for anger vs. neutral poses

control vs. null demand","cvz","12_z_ang","N/A","m_sd","positive",65,0.81,1.08,60,0.55,0.73,NA,NA,NA,NA,NA,0.279954366861133,0.0323647798413805
"12","Fact or artifact? Demand characteristics and participants’ beliefs can moderate, but do not fully account for, the effects of facial feedback on emotional experience",2022,2,"yes","yes","no","yes","between","difference in self-reported anger for angry vs. happy poses

control vs. null demand","cvz","12_z_ang","N/A","m_sd","positive",65,0.82,1.25,60,0.59,0.98,NA,NA,NA,NA,NA,0.203796321470226,0.0322174138138612
"13","Fact or artifact? Demand characteristics and participants’ beliefs can moderate, but do not fully account for, the effects of facial feedback on emotional experience",2022,3,"yes","yes","no","yes","between","self-reported happiness for happy pose; positive demand vs. null demand","pvz","12_p_hap","12_z_hap","m_sd","positive",62,1.62,1.6,69,1.13,1.26,NA,NA,NA,NA,NA,0.342446649782697,0.0310693801863956
"13","Fact or artifact? Demand characteristics and participants’ beliefs can moderate, but do not fully account for, the effects of facial feedback on emotional experience",2022,3,"yes","yes","no","yes","between","self-reported anger for angry pose; positive demand vs. null demand","pvz","12_p_ang","12_z_ang","m_sd","positive",62,1.87,1.6,69,1.24,1.33,NA,NA,NA,NA,NA,0.430358988234152,0.0313286899222984
"13","Fact or artifact? Demand characteristics and participants’ beliefs can moderate, but do not fully account for, the effects of facial feedback on emotional experience",2022,3,"yes","yes","no","yes","between","difference in self-reported happiness for happy vs. neutral poses

positive demand vs. null demand","pvz","12_p_hap","12_z_hap","m_sd","positive",62,1.03,1.73,69,0.53,1.32,NA,NA,NA,NA,NA,0.327299597766655,0.031030660028956
"13","Fact or artifact? Demand characteristics and participants’ beliefs can moderate, but do not fully account for, the effects of facial feedback on emotional experience",2022,3,"yes","yes","no","yes","between","difference in self-reported happiness for happy vs. angry poses

positive demand vs. null demand","pvz","12_p_hap","12_z_hap","m_sd","positive",62,1.3,1.7,69,0.79,1.14,NA,NA,NA,NA,NA,0.356056222391582,0.0311056638717253
"13","Fact or artifact? Demand characteristics and participants’ beliefs can moderate, but do not fully account for, the effects of facial feedback on emotional experience",2022,3,"yes","yes","no","yes","between","difference in self-reported anger for angry  vs. neutral poses

positive demand vs. null demand","pvz","12_p_ang","12_z_ang","m_sd","positive",62,1.36,1.42,69,0.77,1.18,NA,NA,NA,NA,NA,0.454186280288321,0.0314091338858412
"13","Fact or artifact? Demand characteristics and participants’ beliefs can moderate, but do not fully account for, the effects of facial feedback on emotional experience",2022,3,"yes","yes","no","yes","between","difference in self-reported anger for angry vs. happy poses

positive demand vs. null demand","pvz","12_p_ang","12_z_ang","m_sd","positive",62,1.34,1.45,69,0.64,1.18,NA,NA,NA,NA,NA,0.532479736153074,0.0317039792759615
"14","Demand effects in survey experiments: An empirical assessment",2019,2,"yes","no","yes","yes","between","difference in treatment effect for resume control vs. resume negative","nvc","14_n_res","N/A","m_sd","negative",513,0.04,0.4529900661,516,0.07,0.4529900661,NA,NA,NA,NA,NA,-0.0662266178556272,0.00388943341320146
"14","Demand effects in survey experiments: An empirical assessment",2019,2,"yes","no","yes","yes","between","difference in treatment effect for resume positive vs. resume control","cvp","14_p_res","N/A","m_sd","positive",493,0.06,0.4440720662,513,0.04,0.4529900661,NA,NA,NA,NA,NA,0.0445789697735227,0.00397870302069152
"14","Demand effects in survey experiments: An empirical assessment",2019,2,"yes","no","yes","yes","between","difference in treatment effect for resume positive vs. resume negative","pvn","14_p_res","14_n_res","m_sd","negative",493,0.07,0.4440720662,516,0.06,0.4543126677,NA,NA,NA,NA,NA,-0.0222549382486859,0.00396662749429495
"40","Demand effects in survey experiments: An empirical assessment",2019,2,"yes","no","yes","yes","between","difference in treatment effect for news control vs. news negative","nvc","40_n_new","N/A","m_sd","positive",478,0.12,0.8745284444,499,0.1,0.8935323161,NA,NA,NA,NA,NA,0.022617115403982,0.00409632001331753
"40","Demand effects in survey experiments: An empirical assessment",2019,2,"yes","no","yes","yes","between","difference in treatment effect for news positive vs. news control","cvp","40_p_new","N/A","m_sd","positive",534,0.16,0.9243376007,478,0.12,0.8745284444,NA,NA,NA,NA,NA,0.0443873814027745,0.00396568282378627
"40","Demand effects in survey experiments: An empirical assessment",2019,2,"yes","no","yes","yes","between","difference in treatment effect for news positive vs. news negative","pvn","40_p_new","40_n_new","m_sd","positive",534,0.16,0.9243376007,499,0.1,0.8935323161,NA,NA,NA,NA,NA,0.0659639228016545,0.00387877330973453
"15","Demand effects in survey experiments: An empirical assessment",2019,3,"yes","no","yes","yes","between","difference in treatment effect for democracy explicit vs. democracy control","cvp","15_p_nin","N/A","m_sd","positive",655,0.1,0.5118593557,620,0.09,0.7469939759,NA,NA,NA,NA,NA,0.0156954567730247,0.0031397173898675
"15","Demand effects in survey experiments: An empirical assessment",2019,3,"yes","no","yes","yes","between","difference in treatment effect for democracy incentive vs. democracy control","cvp","15_p_yin","N/A","m_sd","positive",599,0.23,0.734234295,620,0.09,0.7469939759,NA,NA,NA,NA,NA,0.188997206567009,0.00329700363824528
"41","Demand effects in survey experiments: An empirical assessment",2019,3,"yes","no","yes","yes","between","difference in treatment effect for welfare explicit vs. welfare control","cvp","41_p_nin","N/A","m_sd","positive",642,0.58,0.5067543784,604,0.55,0.4915282291,NA,NA,NA,NA,NA,0.0600682577789498,0.00321470944938075
"41","Demand effects in survey experiments: An empirical assessment",2019,3,"yes","no","yes","yes","between","difference in treatment effect for welfare incentive vs. welfare control","cvp","41_p_yin","N/A","m_sd","positive",628,0.6,0.5011985634,604,0.55,0.4915282291,NA,NA,NA,NA,NA,0.10070873224405,0.00325210199935332
"16","Demand effects in survey experiments: An empirical assessment",2019,4,"yes","no","yes","yes","between","difference in treatment effect for news explicit vs. news control","cvp","40_p_new","N/A","m_sd","negative",803,0.11,0.8501176389,780,0.11,0.8378544026,NA,NA,NA,NA,NA,0,0.00252738129450458
"16","Demand effects in survey experiments: An empirical assessment",2019,4,"yes","no","yes","yes","between","difference in treatment effect for news incentive vs. news control","cvp","16_p_new","N/A","m_sd","negative",791,0.1,0.8437416666,780,0.11,0.8378544026,NA,NA,NA,NA,NA,-0.0118930978291041,0.00254631880296358
"17","Demand effects in survey experiments: An empirical assessment",2019,5,"yes","no","yes","yes","between","difference in treatment effect for framing explicit vs. framing control","cvp","17_p_nin","N/A","m_sd","positive",1844,0.16,0.8588364221,1867,0.15,0.864175908,NA,NA,NA,NA,NA,0.0116072992036625,0.0010779361414769
"17","Demand effects in survey experiments: An empirical assessment",2019,5,"yes","no","yes","yes","between","difference in treatment effect for framing incentive vs. framing control","cvp","17_p_yin","N/A","m_sd","negative",1839,0.13,0.8576712657,1867,0.15,0.864175908,NA,NA,NA,NA,NA,-0.0232300363101978,0.00107946523516179
"42","Demand effects in survey experiments: An empirical assessment",2019,5,"yes","no","yes","yes","between","difference in treatment effect for democracy explicit vs. democracy control","cvp","15_p_nin","N/A","m_sd","positive",1826,0.09,0.8546344248,1828,0.08,0.8551023331,NA,NA,NA,NA,NA,0.0116977050186884,0.00109470980199769
"42","Demand effects in survey experiments: An empirical assessment",2019,5,"yes","no","yes","yes","between","difference in treatment effect for democracy incentive vs. democracy control","cvp","15_p_yin","N/A","m_sd","positive",1896,0.09,0.8708616423,1828,0.08,0.8551023331,NA,NA,NA,NA,NA,0.0115853120716248,0.00107449013306966
"43","Demand effects in survey experiments: An empirical assessment",2019,5,"yes","no","yes","yes","between","difference in treatment effect for welfare explicit vs. welfare control","cvp","41_p_nin","N/A","m_sd","negative",1861,0.44,0.4313930922,1833,0.46,0.4281354926,NA,NA,NA,NA,NA,-0.0465354658133516,0.00108319236736812
"43","Demand effects in survey experiments: An empirical assessment",2019,5,"yes","no","yes","yes","between","difference in treatment effect for welfare incentive vs. welfare control","cvp","41_p_yin","N/A","m_sd","positive",1856,0.49,0.4308131846,1833,0.46,0.4281354926,NA,NA,NA,NA,NA,0.0698511369668911,0.00108500815539183
"19","Isager's student replication of Coles et al. 2022",2022,1,"no","yes","no","yes","between","self-reported happiness for happyposepositive demand vs. null demand","pvz","11_p_hap","11_z_hap","m_sd","positive",26,1.572649573,1.231557203,29,1.425287356,1.221164393,NA,NA,NA,NA,NA,0.120189955661337,0.0730756209498815
"19","Isager's student replication of Coles et al. 2022",2022,1,"no","yes","no","yes","between","difference in self-reported happiness for happy vs. neutral poses

positive demand vs. null demand","pvz","11_p_hap","11_z_hap","m_sd","negative",26,0.8162393162,0.883842513,29,0.8544061303,1.222980807,NA,NA,NA,NA,NA,-0.0354576107606605,0.0729557265564177
"20","The induction of anomalous experiences in a mirror-gazing facility",2012,1,"yes","no","no","no","between","visual apparitions

suggestion vs. control","pvz","20_p_vis","20_z_vis","m_sd","positive",20,2.05,3.28,20,0.6,1,NA,NA,NA,NA,NA,0.598010604037957,0.104470208531773
"20","The induction of anomalous experiences in a mirror-gazing facility",2012,1,"yes","no","no","no","between","vocal anomalies

suggestion vs. control","pvz","20_p_voc","20_z_voc","m_sd","positive",20,1.8,3.02,20,0.55,1.4,NA,NA,NA,NA,NA,0.531064524911869,0.103525369120248
"20","The induction of anomalous experiences in a mirror-gazing facility",2012,1,"yes","no","no","no","between","nonvocal auditory anomalies

suggestion vs. control","pvz","20_p_non","20_z_non","m_sd","negative",20,0.75,1.33,20,1.3,0.75,NA,NA,NA,NA,NA,-0.509412140781512,0.103243759114695
"20","The induction of anomalous experiences in a mirror-gazing facility",2012,1,"yes","no","no","no","between","out of body experience

suggestion vs. control","pvz","20_p_bod","20_z_bod","m_sd","negative",20,0.1,0.31,20,0.35,0.93,NA,NA,NA,NA,NA,-0.360656125403192,0.101625910509886
"20","The induction of anomalous experiences in a mirror-gazing facility",2012,1,"yes","no","no","no","between","sense of presence

suggestion vs. control","pvz","20_p_pre","20_z_pre","m_sd","positive",20,0.95,1.43,20,0.65,1.23,NA,NA,NA,NA,NA,0.224929017978783,0.100632413289111
"21","Effect of rational and irrational statements and demand characteristics on task anxiety",1995,1,"yes","yes","no","no","between","self-reported anxiety in rational vs. rational counter demand condition","nvc","21_n_rat","N/A","m_sd","negative",12,46.25,10.24,12,46.83,10.47,NA,NA,NA,NA,NA,-0.0560081347567238,0.166732018982478
"21","Effect of rational and irrational statements and demand characteristics on task anxiety",1995,1,"yes","yes","no","no","between","self-reported anxiety in irrational vs. irrational counter demand condition","nvc","21_n_irr","N/A","m_sd","positive",12,58.25,6.93,12,51.25,14.34,NA,NA,NA,NA,NA,0.621565091845959,0.174715482570864
"22","Effects of experimental context, demand characteristics, and situational cues: New data",1991,1,"yes","yes","no","no","between","simple forms score, experimental vs. control","cvp","22_p_sim","N/A","m_sd","negative",10,0.9,0.9,10,1.2,1.1,NA,NA,NA,NA,NA,-0.298511157062997,0.202227722772277
"22","Effects of experimental context, demand characteristics, and situational cues: New data",1991,1,"yes","yes","no","no","between","spiral effects score, experimental vs. control","cvp","22_p_spi","N/A","m_sd","negative",10,3.1,3.6,10,3.8,3.9,NA,NA,NA,NA,NA,-0.186517512294734,0.200869719559815
"22","Effects of experimental context, demand characteristics, and situational cues: New data",1991,1,"yes","yes","no","no","between","frequency of S-D symptoms, experimental vs. control condition","cvp","22_p_sen","N/A","m_sd","negative",10,0.3,0.6749486,10,0.7,1.494434,NA,NA,NA,NA,NA,-0.344975763726567,0.202975206938968
"23","Demand characteristics and full spectrum lighting effects on performance and mood",1991,1,"yes","yes","no","no","between","reading scores,
FS+ vs. FS-","pvz","23_p_rea","23_z_rea","m_sd","negative",18,32.11,3.31,16,32.69,3,NA,NA,NA,NA,NA,-0.183053869452047,0.118548330836752
"23","Demand characteristics and full spectrum lighting effects on performance and mood",1991,1,"yes","yes","no","no","between","reading scores,
FS+ vs. FS","cvp","23_p_rea","N/A","m_sd","positive",18,32.11,3.31,20,30.55,4.1,NA,NA,NA,NA,NA,0.416249330939918,0.107835338522765
"23","Demand characteristics and full spectrum lighting effects on performance and mood",1991,1,"yes","yes","no","no","between","math scores,
FS+ vs. FS-","pvz","23_p_ari","23_z_ari","m_sd","positive",18,9.89,4.2,16,8.88,3.61,NA,NA,NA,NA,NA,0.256705538061726,0.119024639868373
"23","Demand characteristics and full spectrum lighting effects on performance and mood",1991,1,"yes","yes","no","no","between","math scores,
FS+ vs. FS","cvp","23_p_ari","N/A","m_sd","negative",18,9.89,4.2,20,9.9,3.96,NA,NA,NA,NA,NA,-0.00245393046711808,0.105555634789434
"23","Demand characteristics and full spectrum lighting effects on performance and mood",1991,1,"yes","yes","no","no","between","underlining scores,
FS+ vs. FS-","pvz","23_p_und","23_z_und","m_sd","negative",18,11.22,3.32,16,12,4.2,NA,NA,NA,NA,NA,-0.207543720889217,0.11868900255674
"23","Demand characteristics and full spectrum lighting effects on performance and mood",1991,1,"yes","yes","no","no","between","underlining scores,
FS+ vs. FS","cvp","23_p_und","N/A","m_sd","positive",18,11.22,3.32,20,10.5,3.65,NA,NA,NA,NA,NA,0.205829063919298,0.10611299770758
"23","Demand characteristics and full spectrum lighting effects on performance and mood",1991,1,"yes","yes","no","no","between","pleasure factor,
FS+ vs. FS-","pvz","23_p_pos","23_z_pos","m_sd","positive",18,5.31,1.09,16,4.03,1.08,NA,NA,NA,NA,NA,1.17937135139974,0.13851021415118
"23","Demand characteristics and full spectrum lighting effects on performance and mood",1991,1,"yes","yes","no","no","between","pleasure factor,
FS+ vs. FS","cvp","23_p_pos","N/A","m_sd","positive",18,5.31,1.09,20,4.88,1.3,NA,NA,NA,NA,NA,0.356727749366976,0.107229959334088
"25","Validation of a music mood induction procedure: Some preliminary findings",1988,1,"yes","yes","no","no","between","Happiness self-report,
demand vs. control condition","cvp","25_p_hap","N/A","p","positive",5,64.6,NA,5,57.8,NA,NA,NA,NA,NA,0.5,0.446758120921758,0.409979640930477
"25","Validation of a music mood induction procedure: Some preliminary findings",1988,1,"yes","yes","no","no","between","Happiness self-report,
demand vs. counter-demand","pvn","25_p_hap","25_n_hap","p","positive",5,64.6,NA,5,57.4,NA,NA,NA,NA,NA,0.5,0.446758120921758,0.409979640930477
"25","Validation of a music mood induction procedure: Some preliminary findings",1988,1,"yes","yes","no","no","between","Happiness self-report,
control condition vs. counter demand","nvc","25_n_hap","N/A","p","positive",5,57.8,NA,5,57.4,NA,NA,NA,NA,NA,0.5,0.446758120921758,0.409979640930477
"25","Validation of a music mood induction procedure: Some preliminary findings",1988,1,"yes","yes","no","no","between","Exhilaration self-report,
demand vs. control condition","cvp","25_p_exh","N/A","p","negative",5,45.6,NA,5,51,NA,NA,NA,NA,NA,0.5,-0.446758120921758,0.409979640930477
"25","Validation of a music mood induction procedure: Some preliminary findings",1988,1,"yes","yes","no","no","between","Exhilaration self-report,
demand vs. counter-demand","pvn","25_p_exh","25_n_exh","p","negative",5,45.6,NA,5,49.6,NA,NA,NA,NA,NA,0.5,-0.446758120921758,0.409979640930477
"25","Validation of a music mood induction procedure: Some preliminary findings",1988,1,"yes","yes","no","no","between","Exhilaration self-report,
control condition vs. counter demand","nvc","25_n_exh","N/A","p","positive",5,51,NA,5,49.6,NA,NA,NA,NA,NA,0.5,0.446758120921758,0.409979640930477
"25","Validation of a music mood induction procedure: Some preliminary findings",1988,1,"yes","yes","no","no","between","Sadness self-report,
demand vs. control condition","cvp","25_p_sad","N/A","p","negative",5,52.6,NA,5,60.2,NA,NA,NA,NA,NA,0.5,-0.446758120921758,0.409979640930477
"25","Validation of a music mood induction procedure: Some preliminary findings",1988,1,"yes","yes","no","no","between","Sadness self-report,
demand vs. counter-demand","pvn","25_p_sad","25_n_sad","p","negative",5,52.6,NA,5,57.2,NA,NA,NA,NA,NA,0.5,-0.446758120921758,0.409979640930477
"25","Validation of a music mood induction procedure: Some preliminary findings",1988,1,"yes","yes","no","no","between","Sadness self-report,
control condition vs. counter demand","nvc","25_n_sad","N/A","p","positive",5,60.2,NA,5,57.2,NA,NA,NA,NA,NA,0.5,0.446758120921758,0.409979640930477
"25","Validation of a music mood induction procedure: Some preliminary findings",1988,1,"yes","yes","no","no","between","Despondence self-report,
demand vs. control condition","cvp","25_p_des","N/A","p","positive",5,53.8,NA,5,44.4,NA,NA,NA,NA,NA,0.5,0.446758120921758,0.409979640930477
"25","Validation of a music mood induction procedure: Some preliminary findings",1988,1,"yes","yes","no","no","between","Despondence self-report,
demand vs. counter-demand","pvn","25_p_des","25_n_des","p","negative",5,53.8,NA,5,60.6,NA,NA,NA,NA,NA,0.5,-0.446758120921758,0.409979640930477
"25","Validation of a music mood induction procedure: Some preliminary findings",1988,1,"yes","yes","no","no","between","Despondence self-report,
control condition vs. counter demand","nvc","25_n_des","N/A","p","negative",5,44.4,NA,5,60.6,NA,NA,NA,NA,NA,0.5,-0.446758120921758,0.409979640930477
"25","Validation of a music mood induction procedure: Some preliminary findings",1988,1,"yes","yes","no","no","between","Depression self-report,
demand vs. control condition","cvp","25_p_dep","N/A","p","negative",5,16.8,NA,5,17.8,NA,NA,NA,NA,NA,0.5,-0.446758120921758,0.409979640930477
"25","Validation of a music mood induction procedure: Some preliminary findings",1988,1,"yes","yes","no","no","between","Depression self-report,
demand vs. counter-demand","pvn","25_p_dep","25_n_dep","p","positive",5,16.8,NA,5,15.2,NA,NA,NA,NA,NA,0.5,0.446758120921758,0.409979640930477
"25","Validation of a music mood induction procedure: Some preliminary findings",1988,1,"yes","yes","no","no","between","Depression self-report,
control condition vs. counter demand","nvc","25_n_dep","N/A","p","positive",5,17.8,NA,5,15.2,NA,NA,NA,NA,NA,0.5,0.446758120921758,0.409979640930477
"26","The influence of color and demand characteristics on muscle strength and affective ratings of the environment",1986,1,"yes","yes","no","no","between","Grip strength, pink,
Males,
stronger vs. weaker demand","pvn","26_p_gri","26_n_gri","p","positive",14.5,21.49,NA,14.5,19.47,NA,NA,NA,NA,NA,0.04,0.801396020808208,0.149004061761504
"26","The influence of color and demand characteristics on muscle strength and affective ratings of the environment",1986,1,"yes","yes","no","no","between","Grip strength, pink, 
Females,
stronger vs. weaker demand","pvn","26_p_gri","26_n_gri","p","negative",15,NA,NA,15,NA,NA,NA,NA,NA,NA,0.009,-1.0250046814151,0.150843909948715
"27","The influence of demand characteristics and expectancies in the measurement of salivary response",1982,1,"yes","yes","no","no","between","Pill salivation,
Increase Demand vs. Decrease Demand","pvn","27_p_sal","27_n_sal","m_sd","positive",18,0.183,0.527,18,0.068,0.51,NA,NA,NA,NA,NA,0.22176383853172,0.111794155556671
"28","Similarity-attraction or demand characteristics?",1971,2,"yes","yes","no","no","between","Attraction for high-similarity targets in Hypothesis Stated (""do what we want"") vs. Control condition","cvp","28_p_sim","N/A","m_sd","positive",8.933333333,10.78,2.49,8.933333333,10.75,2.38,NA,NA,NA,NA,NA,0.0123171869224604,0.223884842725528
"28","Similarity-attraction or demand characteristics?",1971,2,"yes","yes","no","no","between","Attraction for low-similarity targets in Hypothesis Stated (""do what we want"") vs. Control condition","cvp","28_p_dis","N/A","m_sd","positive",8.933333333,7.67,1.87,8.933333333,6.9,3.11,NA,NA,NA,NA,NA,0.300074661021143,0.226400507532336
"29","Laboratory induction of mood states through the reading of self-referent mood statements: Affective changes or demand characteristics?",1980,1,"yes","yes","no","no","between","Time 1 depression scores for participants who read Velten Elation statements normally vs. in a demand condition where they were told the statements would increase depression","nvc","29_n_dep","N/A","m_sd","positive",11,34.45,8.99,11,31.18,6.28,NA,NA,NA,NA,NA,0.421701221725519,0.185859816372836
"29","Laboratory induction of mood states through the reading of self-referent mood statements: Affective changes or demand characteristics?",1980,1,"yes","yes","no","no","between","Time 2 depression scores for participants who read Velten Elation statements normally vs. in a demand condition where they were told the statements would increase depression","nvc","29_n_dep","N/A","m_sd","positive",11,13.91,9.31,11,9.09,4.71,NA,NA,NA,NA,NA,0.653322284681307,0.191518863810482
"30","Experimental compensation, task interest and the cooperation with demand characteristics of volunteer and sign-up subjects",1977,1,"no","yes",NA,"no","between","puzzle performance in control vs. demand condition where they were told experimenter expects decreased performance due to fatigue","cvp","30_p_puz","N/A","f","positive",100,NA,NA,100,NA,NA,NA,NA,125.49,NA,NA,1.58423483107777,0.0262745
"31","Demand awareness and participant willingness as determinants of aggressive response to film violence",1978,1,"yes","yes","no","no","between","shock intensity in rise vs. fall demand condition","pvn","31_p_sho","31_n_sho","t","positive",30,4.41,NA,30,3.66,NA,NA,NA,NA,2.37,NA,0.611931368700772,0.0697871666666667
"31","Demand awareness and participant willingness as determinants of aggressive response to film violence",1978,1,"yes","yes","no","no","between","shock intensity in rise vs. control demand condition","cvp","31_p_sho","N/A","t","positive",30,4.41,NA,30,3.22,NA,NA,NA,NA,3.76,NA,0.970827825449326,0.0745208888888889
"31","Demand awareness and participant willingness as determinants of aggressive response to film violence",1978,1,"yes","yes","no","no","between","shock intensity in fall vs. control demand condition","nvc","31_n_sho","N/A","p","negative",30,3.22,NA,30,3.66,NA,NA,NA,NA,NA,0.5,-0.175250757193522,0.0669226068991409
"32","Subject effects and demand characteristics",1975,1,"yes","yes","no","no","between","mean recorded numbers in the real trial in the increase vs. decrease instructions","pvn","32_p_num","32_n_num","m_sd","positive",40,82.95,5.755345342,40,79.9,5.755345342,NA,NA,NA,NA,NA,0.529942135312442,0.0517552416673719
"32","Subject effects and demand characteristics",1975,1,"yes","yes","no","no","between","mean recorded numbers in the real trial in the increase vs. control instructions","cvp","32_p_num","N/A","m_sd","positive",40,82.95,5.755345342,40,78.4,5.755345342,NA,NA,NA,NA,NA,0.790569414974299,0.05390624999933
"32","Subject effects and demand characteristics",1975,1,"yes","yes","no","no","between","mean recorded numbers in the real trial in the control vs. decrease instructions","nvc","32_n_num","N/A","m_sd","negative",40,78.4,5.755345342,40,79.9,5.755345342,NA,NA,NA,NA,NA,-0.260627279661857,0.0504245411181496
"32","Subject effects and demand characteristics",1975,1,"yes","yes","no","no","between","difference in recorded numbers in the real vs. practice trials in the increase vs. decrease instructions","pvn","32_p_num","32_n_num","m_sd","positive",40,8.13,8.158676363,40,3.88,8.158676363,NA,NA,NA,NA,NA,0.520917831631852,0.0516959711707002
"32","Subject effects and demand characteristics",1975,1,"yes","yes","no","no","between","difference in recorded numbers in the real vs. practice trialsin the increase vs. control instructions","cvp","32_p_num","N/A","m_sd","positive",40,8.13,8.158676363,40,4.25,8.158676363,NA,NA,NA,NA,NA,0.47556733805449,0.0514135268314015
"32","Subject effects and demand characteristics",1975,1,"yes","yes","no","no","between","difference in recorded numbers in the real vs. practice trialsin the decrease vs. control instructions","nvc","32_n_num","N/A","m_sd","positive",40,4.25,8.158676363,40,3.88,8.158676363,NA,NA,NA,NA,NA,0.0453504935773612,0.0500128541704232
"33","Experimental desensitization of snake-avoidance after an instructional manipulation",1972,1,"yes","yes","no","no","between","difference in post-treatment behavioral avoidence test scores in the SDT and SDP conditions","cvp","33_p_beh","N/A","p","negative",9,13.44,NA,9,14,NA,NA,NA,NA,NA,0.5,-0.325331464390002,0.225162237825615
"33","Experimental desensitization of snake-avoidance after an instructional manipulation",1972,1,"yes","yes","no","no","between","difference in behavioral avoidence test change scores in the SDT and SDP conditions","cvp","33_p_beh","N/A","p","negative",9,3.55,NA,9,4.56,NA,NA,NA,NA,NA,0.5,-0.325331464390002,0.225162237825615
"34","A demonstration of nonlinear demand characteristics in the 'Mozart Effect' experimental paradigm",2008,1,"yes","yes","no","no","between","DAT Spatial scores,
positive vs. negative demand conditions","pvn","34_p_spa","34_n_spa","m_sd","negative",20,6.644665461,2.110718778,20,6.701627486,2.037935372,NA,NA,NA,NA,NA,-0.0274562587664057,0.100009423076818
"34","A demonstration of nonlinear demand characteristics in the 'Mozart Effect' experimental paradigm",2008,1,"yes","yes","no","no","between","DAT Spatial scores,
positive vs. neutral demand conditions","cvp","34_p_spa","N/A","m_sd","negative",20,6.644665461,2.110718778,20,7.450271248,2.074327075,NA,NA,NA,NA,NA,-0.384978019040872,0.101852600939308
"34","A demonstration of nonlinear demand characteristics in the 'Mozart Effect' experimental paradigm",2008,1,"yes","yes","no","no","between","DAT Spatial scores,
neutral vs. negative demand conditions","nvc","34_n_spa","N/A","m_sd","positive",20,7.450271248,2.074327075,20,6.701627486,2.037935372,NA,NA,NA,NA,NA,0.364088848159005,0.101657008616922
"34","A demonstration of nonlinear demand characteristics in the 'Mozart Effect' experimental paradigm",2008,1,"yes","yes","no","no","between","DAT Verbal scores,
positive vs. negative demand conditions","pvn","34_p_ver","34_n_ver","m_sd","negative",20,6.146718147,2.451904655,20,6.254826255,2.382836918,NA,NA,NA,NA,NA,-0.0447167967993187,0.10002499489895
"34","A demonstration of nonlinear demand characteristics in the 'Mozart Effect' experimental paradigm",2008,1,"yes","yes","no","no","between","DAT Verbal scores,
positive vs. neutral demand conditions","cvp","34_p_ver","N/A","m_sd","negative",20,6.146718147,2.451904655,20,6.301158301,2.417370786,NA,NA,NA,NA,NA,-0.0634329570809136,0.10005029675055
"34","A demonstration of nonlinear demand characteristics in the 'Mozart Effect' experimental paradigm",2008,1,"yes","yes","no","no","between","DAT Verbal scores,
neutral vs. negative demand conditions","nvc","34_n_ver","N/A","m_sd","positive",20,6.301158301,2.417370786,20,6.254826255,2.382836918,NA,NA,NA,NA,NA,0.0193036842970384,0.100004657902843
"35","A demonstration of nonlinear demand characteristics in the 'Mozart Effect' experimental paradigm",2008,2,"yes","mix","no","no","between","pushups completed in 30 seconds,
positive vs. negative demand","pvn","35_p_pus","35_n_pus","m_sd","negative",20,24.4402277,7.942920785,20,24.98671727,8.146585421,NA,NA,NA,NA,NA,-0.0679257381863924,0.100057673823852
"35","A demonstration of nonlinear demand characteristics in the 'Mozart Effect' experimental paradigm",2008,2,"yes","mix","no","no","between","pushups completed in 30 seconds,
positive vs. neutral demand","cvp","35_p_pus","N/A","m_sd","negative",20,24.4402277,7.942920785,20,28.85768501,7.637423832,NA,NA,NA,NA,NA,-0.566946172109076,0.104017849525864
"35","A demonstration of nonlinear demand characteristics in the 'Mozart Effect' experimental paradigm",2008,2,"yes","mix","no","no","between","pushups completed in 30 seconds,
neutral vs. negative demand","nvc","35_n_pus","N/A","m_sd","positive",20,28.85768501,7.637423832,20,24.98671727,8.146585421,NA,NA,NA,NA,NA,0.490237330372016,0.103004158001129
"36","Demand characteristics of music affect performance on the Wonderlic Personnel Test of Intelligence.",2007,1,"yes","yes","no","no","between","Wonderlic Personnel Test score,
positive demand vs. negative demand","pvn","36_p_won","36_n_won","m_sd","positive",30,25.2,4.8,30,22,5.8,NA,NA,NA,NA,NA,0.601104605412275,0.0696777228887321
"37","Subject commitment and demand characteristics in attitude change",1971,1,"yes","no","no","no","between","absolute value of change scores in attitudes in the information vs. noinformation condition for participants who completed a pre-test","cvp","37_p_att","N/A","m_sd","negative",14,6.64,5.21,14,3.29,1.34,NA,NA,NA,NA,NA,-0.880669168862315,0.156706753303297
"38","Demand characteristics in a quasi-psychophysical experiment",1969,1,"no","yes","no","no","between","error score, many errors expectation vs. few expectation","pvn","38_p_err","38_n_err","f","negative",51,NA,NA,40,NA,NA,NA,NA,2.18,NA,NA,-0.311841462989154,0.0451421568627451
"39","Effect of the destructive disagreement belief on relationship satisfaction with a romantic partner or closest friend",2004,1,"yes","yes","no",NA,"between","post-intervention relationship satisfaction scores for irrational vs. irrational counter demand","cvp","39_p_sat","N/A","m_sd","negative",29,3.53,0.9,29,3.7,0.8,NA,NA,NA,NA,NA,-0.199654874635,0.0693091557669441
"39","Effect of the destructive disagreement belief on relationship satisfaction with a romantic partner or closest friend",2004,1,"yes","yes","no",NA,"between","post-intervention relationship satisfaction scores for rational vs. rational counter demand","nvc","39_n_sat","N/A","m_sd","positive",32,4.22,0.67,30,4.08,0.73,NA,NA,NA,NA,NA,0.200102118975252,0.0649062434786429
