"id.study","id.es","citation","name","year","study","published","student","paid","online","design","ref.type","vig.1","vig","ref.r","es","es.var","mot","opp","bel","pre","report","external","internal"
"1","1","Orne and Scheibe (1964)","The contribution of nondeprivation factors in the production of sensory deprivation effects: The psychology of the ""panic button""",1964,1,"yes","yes","yes","no","between","cvp","01_p_tr1","N/A","single",0.553507866378813,0.191114937512398,-0.0645161290322581,2,1.19354838709677,0.225806451612903,0.714285714285714,0,0.666666666666667
"1","2","Orne and Scheibe (1964)","The contribution of nondeprivation factors in the production of sensory deprivation effects: The psychology of the ""panic button""",1964,1,"yes","yes","yes","no","between","cvp","01_p_ang","N/A","single",0.214158623197163,0.18460226145606,0.346153846153846,1.84615384615385,0.615384615384615,0.807692307692308,0.714285714285714,0,0.666666666666667
"1","3","Orne and Scheibe (1964)","The contribution of nondeprivation factors in the production of sensory deprivation effects: The psychology of the ""panic button""",1964,1,"yes","yes","yes","no","between","cvp","01_p_lin","N/A","single",0.782778331513112,0.198774211465979,0.5,2,1.10714285714286,0.678571428571429,0.714285714285714,0,0.666666666666667
"1","4","Orne and Scheibe (1964)","The contribution of nondeprivation factors in the production of sensory deprivation effects: The psychology of the ""panic button""",1964,1,"yes","yes","yes","no","between","cvp","01_p_wor","N/A","single",-0.214158623197163,0.18460226145606,0.148148148148148,1.46428571428571,1.25925925925926,0.703703703703704,0.714285714285714,0,0.666666666666667
"1","5","Orne and Scheibe (1964)","The contribution of nondeprivation factors in the production of sensory deprivation effects: The psychology of the ""panic button""",1964,1,"yes","yes","yes","no","between","cvp","01_p_rev","N/A","single",0.531527724470304,0.190518706605832,0.192307692307692,1.76923076923077,1.07692307692308,0.769230769230769,0.714285714285714,0,0.666666666666667
"1","6","Orne and Scheibe (1964)","The contribution of nondeprivation factors in the production of sensory deprivation effects: The psychology of the ""panic button""",1964,1,"yes","yes","yes","no","between","cvp","01_p_dig","N/A","single",0.095774647887324,0.183684983138266,0.34375,2.125,1,0.6875,0.714285714285714,0,0.666666666666667
"1","7","Orne and Scheibe (1964)","The contribution of nondeprivation factors in the production of sensory deprivation effects: The psychology of the ""panic button""",1964,1,"yes","yes","yes","no","between","cvp","01_p_tap","N/A","single",-0.643902010901448,0.193820908549891,0.791666666666667,1.70833333333333,1.29166666666667,1.04166666666667,0.714285714285714,0,0.666666666666667
"1","8","Orne and Scheibe (1964)","The contribution of nondeprivation factors in the production of sensory deprivation effects: The psychology of the ""panic button""",1964,1,"yes","yes","yes","no","between","cvp","01_p_tr2","N/A","single",0.915637691701143,0.204415473120413,0.333333333333333,1.62962962962963,0.814814814814815,1.03703703703704,0.714285714285714,0,0.666666666666667
"1","9","Orne and Scheibe (1964)","The contribution of nondeprivation factors in the production of sensory deprivation effects: The psychology of the ""panic button""",1964,1,"yes","yes","yes","no","between","cvp","01_p_vis","N/A","single",0.200898596269212,0.184464669708391,0.133333333333333,1.66666666666667,0.966666666666667,0.6,0.714285714285714,0,0.666666666666667
"1","10","Orne and Scheibe (1964)","The contribution of nondeprivation factors in the production of sensory deprivation effects: The psychology of the ""panic button""",1964,1,"yes","yes","yes","no","between","cvp","01_p_sim","N/A","single",1.09322821495263,0.213334361808031,0.344827586206897,1.82758620689655,0.724137931034483,0.689655172413793,0.714285714285714,0,0.666666666666667
"1","11","Orne and Scheibe (1964)","The contribution of nondeprivation factors in the production of sensory deprivation effects: The psychology of the ""panic button""",1964,1,"yes","yes","yes","no","between","cvp","01_p_dur","N/A","single",0.426170279258455,0.187996191231898,0.166666666666667,1.9,1.23333333333333,0.7,0.714285714285714,0,0.666666666666667
"1","12","Orne and Scheibe (1964)","The contribution of nondeprivation factors in the production of sensory deprivation effects: The psychology of the ""panic button""",1964,1,"yes","yes","yes","no","between","cvp","01_p_dur","N/A","single",1.44771229281282,0.235852435627852,0.166666666666667,1.9,1.23333333333333,0.7,0.714285714285714,0,0.666666666666667
"1","13","Orne and Scheibe (1964)","The contribution of nondeprivation factors in the production of sensory deprivation effects: The psychology of the ""panic button""",1964,1,"yes","yes","yes","no","between","cvp","01_p_log","N/A","single",-0.702440284086694,0.195791222376513,0.382352941176471,1.67647058823529,0.823529411764706,0.647058823529412,0.714285714285714,0,0.666666666666667
"1","14","Orne and Scheibe (1964)","The contribution of nondeprivation factors in the production of sensory deprivation effects: The psychology of the ""panic button""",1964,1,"yes","yes","yes","no","between","cvp","01_p_per","N/A","single",0.661500574759431,0.248945691665222,0.193548387096774,2,1.06451612903226,0.903225806451613,0.714285714285714,0,0.666666666666667
"1","15","Orne and Scheibe (1964)","The contribution of nondeprivation factors in the production of sensory deprivation effects: The psychology of the ""panic button""",1964,1,"yes","yes","yes","no","between","cvp","01_p_dul","N/A","single",1.89221736039749,0.48406106712682,0.5,2.06666666666667,0.933333333333333,0.866666666666667,0.714285714285714,0,0.666666666666667
"1","16","Orne and Scheibe (1964)","The contribution of nondeprivation factors in the production of sensory deprivation effects: The psychology of the ""panic button""",1964,1,"yes","yes","yes","no","between","cvp","01_p_unp","N/A","single",0.946108680198743,0.290436640276092,0.484848484848485,2.09090909090909,1.24242424242424,1.15151515151515,0.714285714285714,0,0.666666666666667
"1","17","Orne and Scheibe (1964)","The contribution of nondeprivation factors in the production of sensory deprivation effects: The psychology of the ""panic button""",1964,1,"yes","yes","yes","no","between","cvp","01_p_anx","N/A","single",0.428198164862082,0.232349312220874,0.769230769230769,2.11538461538462,1.38461538461538,0.961538461538462,0.714285714285714,0,0.666666666666667
"1","18","Orne and Scheibe (1964)","The contribution of nondeprivation factors in the production of sensory deprivation effects: The psychology of the ""panic button""",1964,1,"yes","yes","yes","no","between","cvp","01_p_spa","N/A","single",0.946108680198743,0.290436640276092,0.566666666666667,2.3,1.26666666666667,1.13333333333333,0.714285714285714,0,0.666666666666667
"1","19","Orne and Scheibe (1964)","The contribution of nondeprivation factors in the production of sensory deprivation effects: The psychology of the ""panic button""",1964,1,"yes","yes","yes","no","between","cvp","01_p_res","N/A","single",1.17941109009609,0.30703301972044,0.533333333333333,2.16666666666667,1.36666666666667,1.13333333333333,0.714285714285714,0,0.666666666666667
"1","20","Orne and Scheibe (1964)","The contribution of nondeprivation factors in the production of sensory deprivation effects: The psychology of the ""panic button""",1964,1,"yes","yes","yes","no","between","cvp","01_p_irr","N/A","single",0.661500574759431,0.248945691665222,0.676470588235294,2.08823529411765,1.29411764705882,0.970588235294118,0.714285714285714,0,0.666666666666667
"2","21","Kersbergen et al. (2019)","Hypothesis awareness as a demand characteristic in laboratory-based eating behaviour research: An experimental study",2019,1,"yes",NA,"no","no","between","cvp","02_p_coo","N/A","single",0.0865108811982458,0.0468203769437353,0.0285714285714286,2.94285714285714,-0.885714285714286,0.171428571428571,1,0,1
"3","22","Martin et al. (2018)","Attention or instruction: Do sustained attentional abilities really differ between high and low hypnotisable persons?",2018,1,"yes",NA,"yes","no","between","pvn","03_p_swi","03_n_swi","double",0.385569677599732,0.164800047121823,2.06547619047619,4.75892857142857,1.0297619047619,2.83779761904762,1,0,1
"3","23","Martin et al. (2018)","Attention or instruction: Do sustained attentional abilities really differ between high and low hypnotisable persons?",2018,1,"yes",NA,"yes","no","between","pvn","03_p_swi","03_n_swi","double",0.995299681014487,0.176008537546526,2.06547619047619,4.75892857142857,1.0297619047619,2.83779761904762,1,0,1
"3","24","Martin et al. (2018)","Attention or instruction: Do sustained attentional abilities really differ between high and low hypnotisable persons?",2018,1,"yes",NA,"yes","no","between","pvn","03_p_swi","03_n_swi","double",1.1238568718184,0.205615577817463,2.06547619047619,4.75892857142857,1.0297619047619,2.83779761904762,1,0,1
"3","25","Martin et al. (2018)","Attention or instruction: Do sustained attentional abilities really differ between high and low hypnotisable persons?",2018,1,"yes",NA,"yes","no","within","cvp","03_p_swi","N/A","single",0.276936411568462,0.0841186227774909,0.875,2.1875,0.125,1.21875,1,0,1
"3","26","Martin et al. (2018)","Attention or instruction: Do sustained attentional abilities really differ between high and low hypnotisable persons?",2018,1,"yes",NA,"yes","no","within","nvc","03_n_swi","N/A","single",0.183740370920652,0.0822519596406927,1.19047619047619,2.57142857142857,0.904761904761905,1.61904761904762,1,0,1
"3","27","Martin et al. (2018)","Attention or instruction: Do sustained attentional abilities really differ between high and low hypnotisable persons?",2018,1,"yes",NA,"yes","no","within","cvp","03_p_swi","N/A","single",0.608118151873713,0.093093948893322,0.875,2.1875,0.125,1.21875,1,0,1
"3","28","Martin et al. (2018)","Attention or instruction: Do sustained attentional abilities really differ between high and low hypnotisable persons?",2018,1,"yes",NA,"yes","no","within","nvc","03_n_swi","N/A","single",0.436781609195402,0.085634385872198,1.19047619047619,2.57142857142857,0.904761904761905,1.61904761904762,1,0,1
"3","29","Martin et al. (2018)","Attention or instruction: Do sustained attentional abilities really differ between high and low hypnotisable persons?",2018,1,"yes",NA,"yes","no","within","cvp","03_p_swi","N/A","single",0.301611634043898,0.0921033132281252,0.875,2.1875,0.125,1.21875,1,0,1
"3","30","Martin et al. (2018)","Attention or instruction: Do sustained attentional abilities really differ between high and low hypnotisable persons?",2018,1,"yes",NA,"yes","no","within","nvc","03_n_swi","N/A","single",1.03988674463706,0.139264973412946,1.19047619047619,2.57142857142857,0.904761904761905,1.61904761904762,1,0,1
"4","31","Hoogeveen et al. (2018)","Did I do that? Expectancy effects of brain stimulation on error-related negativity and sense of agency",2017,1,"yes","mix","no","no","within","cvp","04_p_age","N/A","single",-1.43252976990023,0.0866121275691524,0.774193548387097,2.03225806451613,0.709677419354839,1.16129032258065,1,0,1
"4","32","Hoogeveen et al. (2018)","Did I do that? Expectancy effects of brain stimulation on error-related negativity and sense of agency",2017,1,"yes","mix","no","no","within","nvc","04_n_age","N/A","single",2.02275662788487,0.130946971786582,-0.153846153846154,1.64,0.8,0.2,1,0,1
"4","33","Hoogeveen et al. (2018)","Did I do that? Expectancy effects of brain stimulation on error-related negativity and sense of agency",2017,1,"yes","mix","no","no","within","pvn","04_p_age","04_n_age","double",0.903784876288985,0.0597574658508545,0.620347394540943,3.67225806451613,1.50967741935484,1.36129032258065,1,0,1
"4","34","Hoogeveen et al. (2018)","Did I do that? Expectancy effects of brain stimulation on error-related negativity and sense of agency",2017,1,"yes","mix","no","no","within","pvn","04_p_per","04_n_per","double",0.688598000982084,0.0523083376845029,1.11902113459399,3.8754171301446,1.53058954393771,1.81868743047831,1,0,1
"4","35","Hoogeveen et al. (2018)","Did I do that? Expectancy effects of brain stimulation on error-related negativity and sense of agency",2017,1,"yes","mix","no","no","within","pvn","04_p_err","04_n_err","double",-0.0553399675627361,0.0420669312726186,0.924632352941176,3.85661764705882,1.56617647058824,1.28676470588235,1,0,1
"4","36","Hoogeveen et al. (2018)","Did I do that? Expectancy effects of brain stimulation on error-related negativity and sense of agency",2017,1,"yes","mix","no","no","within","cvp","04_p_err","N/A","single",-0.10536274998573,0.0422416877307645,0.71875,1.5625,0.625,0.875,1,0,1
"4","37","Hoogeveen et al. (2018)","Did I do that? Expectancy effects of brain stimulation on error-related negativity and sense of agency",2017,1,"yes","mix","no","no","within","nvc","04_n_err","N/A","single",0.0518638264650935,0.0420588300657872,0.205882352941176,2.29411764705882,0.941176470588235,0.411764705882353,1,0,1
"4","38","Hoogeveen et al. (2018)","Did I do that? Expectancy effects of brain stimulation on error-related negativity and sense of agency",2017,1,"yes","mix","no","no","within","pvn","04_p_err","04_n_err","double",0,0.0420003549245785,0.924632352941176,3.85661764705882,1.56617647058824,1.28676470588235,1,0,1
"4","39","Hoogeveen et al. (2018)","Did I do that? Expectancy effects of brain stimulation on error-related negativity and sense of agency",2017,1,"yes","mix","no","no","within","cvp","04_p_err","N/A","single",0.261976243814069,0.0434923451924683,0.71875,1.5625,0.625,0.875,1,0,1
"4","40","Hoogeveen et al. (2018)","Did I do that? Expectancy effects of brain stimulation on error-related negativity and sense of agency",2017,1,"yes","mix","no","no","within","nvc","04_n_err","N/A","single",-0.293231465561435,0.0438695873679548,0.205882352941176,2.29411764705882,0.941176470588235,0.411764705882353,1,0,1
"4","41","Hoogeveen et al. (2018)","Did I do that? Expectancy effects of brain stimulation on error-related negativity and sense of agency",2017,1,"yes","mix","no","no","within","pvn","04_p_rea","04_n_rea","double",0.0536480007321487,0.0420629224894167,1.14583333333333,3.6375,1.44166666666667,1.43125,1,0,1
"4","42","Hoogeveen et al. (2018)","Did I do that? Expectancy effects of brain stimulation on error-related negativity and sense of agency",2017,1,"yes","mix","no","no","within","cvp","04_p_rea","N/A","single",0.0533783233944645,0.0420622950421525,0.8125,1.9375,0.875,1.03125,1,0,1
"4","43","Hoogeveen et al. (2018)","Did I do that? Expectancy effects of brain stimulation on error-related negativity and sense of agency",2017,1,"yes","mix","no","no","within","nvc","04_n_rea","N/A","single",0,0.0420003549245785,0.333333333333333,1.7,0.566666666666667,0.4,1,0,1
"4","44","Hoogeveen et al. (2018)","Did I do that? Expectancy effects of brain stimulation on error-related negativity and sense of agency",2017,1,"yes","mix","no","no","within","pvn","04_p_rea","04_n_rea","double",0.0684123301292675,0.0421020994227028,1.14583333333333,3.6375,1.44166666666667,1.43125,1,0,1
"4","45","Hoogeveen et al. (2018)","Did I do that? Expectancy effects of brain stimulation on error-related negativity and sense of agency",2017,1,"yes","mix","no","no","within","cvp","04_p_rea","N/A","single",0.0219186357458993,0.0420107989809473,0.8125,1.9375,0.875,1.03125,1,0,1
"4","46","Hoogeveen et al. (2018)","Did I do that? Expectancy effects of brain stimulation on error-related negativity and sense of agency",2017,1,"yes","mix","no","no","within","nvc","04_n_rea","N/A","single",0.0438372714917986,0.0420421311500534,0.333333333333333,1.7,0.566666666666667,0.4,1,0,1
"5","47","Rose et al. (2014, Study 1)","Choice-making, expectations, and treatment positivity: How and when choosing shapes aversive experiences",2014,1,"yes","yes","no","no","between","cvp","05_p_dis","N/A","single",0.423177145497107,0.0763431827137114,0.454545454545455,2.87878787878788,0.484848484848485,0.848484848484849,0.857142857142857,0,1
"5","48","Rose et al. (2014, Study 1)","Choice-making, expectations, and treatment positivity: How and when choosing shapes aversive experiences",2014,1,"yes","yes","no","no","between","cvp","05_p_dis","N/A","single",0.416634595845001,0.076290350886633,0.454545454545455,2.87878787878788,0.484848484848485,0.848484848484849,0.857142857142857,0,1
"5","49","Rose et al. (2014, Study 1)","Choice-making, expectations, and treatment positivity: How and when choosing shapes aversive experiences",2014,1,"yes","yes","no","no","within","cvp","05_p_dis","N/A","single",0.575452851087554,0.0436788271204523,0.454545454545455,2.87878787878788,0.484848484848485,0.848484848484849,0.857142857142857,0,1
"5","50","Rose et al. (2014, Study 1)","Choice-making, expectations, and treatment positivity: How and when choosing shapes aversive experiences",2014,1,"yes","yes","no","no","within","cvp","05_p_dis","N/A","single",0.0594599609385614,0.0373786252575681,0.454545454545455,2.87878787878788,0.484848484848485,0.848484848484849,0.857142857142857,0,1
"6","51","Rose et al. (2014, Study 2)","Choice-making, expectations, and treatment positivity: How and when choosing shapes aversive experiences",2014,2,"yes","yes","no","no","between","cvp","05_p_dis","N/A","single",-0.0530617816646698,0.0961011564276276,0.454545454545455,2.87878787878788,0.484848484848485,0.848484848484849,0.857142857142857,0,1
"6","52","Rose et al. (2014, Study 2)","Choice-making, expectations, and treatment positivity: How and when choosing shapes aversive experiences",2014,2,"yes","yes","no","no","between","cvp","05_p_dis","N/A","single",0.154116496200677,0.0963628606992244,0.454545454545455,2.87878787878788,0.484848484848485,0.848484848484849,0.857142857142857,0,1
"6","53","Rose et al. (2014, Study 2)","Choice-making, expectations, and treatment positivity: How and when choosing shapes aversive experiences",2014,2,"yes","yes","no","no","within","cvp","05_p_dis","N/A","single",0.238565793759153,0.0494558219584032,0.454545454545455,2.87878787878788,0.484848484848485,0.848484848484849,0.857142857142857,0,1
"6","54","Rose et al. (2014, Study 2)","Choice-making, expectations, and treatment positivity: How and when choosing shapes aversive experiences",2014,2,"yes","yes","no","no","within","cvp","05_p_dis","N/A","single",-0.063388889648756,0.0481334347928774,0.454545454545455,2.87878787878788,0.484848484848485,0.848484848484849,0.857142857142857,0,1
"7","55","Durgin et al. (2012)","The social psychology of perception experiments: Hills, backpacks, glucose and the problem of generalizability",2012,1,"yes","yes","no","no","between","cvz","07_z_ver","N/A","single",0.323052367964236,0.106827311018605,-0.133333333333333,2.53333333333333,-0.366666666666667,0.366666666666667,0.857142857142857,0,0.666666666666667
"7","56","Durgin et al. (2012)","The social psychology of perception experiments: Hills, backpacks, glucose and the problem of generalizability",2012,1,"yes","yes","no","no","between","cvz","07_z_man","N/A","single",0.718709476849234,0.112397317500573,-0.0333333333333333,2.51612903225806,-0.4,-0.1,0.857142857142857,0,0.666666666666667
"8","57","Busch et al. (2007)","A follow-up analogue study on the effectiveness of the cognitive rationale",2007,1,"yes","yes","no","no","between","pvn","08_p_pos","08_n_pos","double",1.38537478692267,0.0668753384363819,1,3.53846153846154,1.19230769230769,1.76923076923077,1,0,0.5
"8","58","Busch et al. (2007)","A follow-up analogue study on the effectiveness of the cognitive rationale",2007,1,"yes","yes","no","no","between","pvn","08_p_fol","08_n_fol","double",1.17391267445785,0.0631685416350926,0.779354838709677,4.1058064516129,1.69677419354839,1.89677419354839,1,0,0.5
"8","59","Busch et al. (2007)","A follow-up analogue study on the effectiveness of the cognitive rationale",2007,1,"yes","yes","no","no","within","cvp","08_p_pos","N/A","single",1.0601361918876,0.0439979056749626,0.576923076923077,1.88461538461538,0.384615384615385,0.769230769230769,1,0,0.5
"8","60","Busch et al. (2007)","A follow-up analogue study on the effectiveness of the cognitive rationale",2007,1,"yes","yes","no","no","within","nvc","08_n_pos","N/A","single",0.504228990726039,0.0291286282381931,0.423076923076923,1.65384615384615,0.807692307692308,1,1,0,0.5
"8","61","Busch et al. (2007)","A follow-up analogue study on the effectiveness of the cognitive rationale",2007,1,"yes","yes","no","no","between","pvn","08_p_pos","08_n_pos","double",1.26628119255971,0.0647123573294601,1,3.53846153846154,1.19230769230769,1.76923076923077,1,0,0.5
"8","62","Busch et al. (2007)","A follow-up analogue study on the effectiveness of the cognitive rationale",2007,1,"yes","yes","no","no","between","pvn","08_p_drq","08_n_drq","double",0.643900533971512,0.0320036544926557,1.26984126984127,4.76455026455026,1.68386243386243,1.95502645502645,1,0,0.5
"9","63","Cramer (2005)","Effect of the destructive disagreement belief on satisfaction with one's closest friend",2005,1,"yes","yes","no",NA,"between","cvp","09_p_sat","N/A","single",-0.13800087560571,0.0593870997158352,0.307692307692308,2.23076923076923,-0.653846153846154,0.576923076923077,0.857142857142857,0,0.5
"9","64","Cramer (2005)","Effect of the destructive disagreement belief on satisfaction with one's closest friend",2005,1,"yes","yes","no",NA,"between","nvc","09_n_sat","N/A","single",0.0911097969260997,0.0612950332492232,-0.625,2.375,-0.375,0.125,0.857142857142857,0,0.5
"10","65","Kanter et al. (2004)","Experimental and psychotherapeutic demand characteristics and the cognitive therapy rationale: An analogue study",2004,1,"yes","yes","no","no","within","cvp","08_p_pos","N/A","single",0.897898575696193,0.0142386119900614,0.576923076923077,1.88461538461538,0.384615384615385,0.769230769230769,0.857142857142857,0,1
"10","66","Kanter et al. (2004)","Experimental and psychotherapeutic demand characteristics and the cognitive therapy rationale: An analogue study",2004,1,"yes","yes","no","no","within","nvc","08_n_pos","N/A","single",0.667109772166563,0.0121494677336794,0.423076923076923,1.65384615384615,0.807692307692308,1,0.857142857142857,0,1
"10","67","Kanter et al. (2004)","Experimental and psychotherapeutic demand characteristics and the cognitive therapy rationale: An analogue study",2004,1,"yes","yes","no","no","between","pvn","08_p_pos","08_n_pos","double",1.56851548195765,0.026262287011048,1,3.53846153846154,1.19230769230769,1.76923076923077,0.857142857142857,0,1
"11","68","Coles et al. (2022, Study 1)","Fact or artifact? Demand characteristics and participants’ beliefs can moderate, but do not fully account for, the effects of facial feedback on emotional experience",2022,1,"yes","yes","no","no","between","cvp","11_p_hap","N/A","single",0.257933530296924,0.0245898464255936,0.545454545454545,2.54545454545455,0.878787878787879,1.24242424242424,0.857142857142857,0,1
"11","69","Coles et al. (2022, Study 1)","Fact or artifact? Demand characteristics and participants’ beliefs can moderate, but do not fully account for, the effects of facial feedback on emotional experience",2022,1,"yes","yes","no","no","between","pvz","11_p_hap","11_z_hap","double",0.838226342600601,0.0249501864929087,0.962121212121212,4.92045454545454,1.08712121212121,1.99242424242424,0.857142857142857,0,1
"11","70","Coles et al. (2022, Study 1)","Fact or artifact? Demand characteristics and participants’ beliefs can moderate, but do not fully account for, the effects of facial feedback on emotional experience",2022,1,"yes","yes","no","no","between","cvz","11_z_hap","N/A","single",0.561224017670137,0.0252150451629809,0.416666666666667,2.375,0.208333333333333,0.75,0.857142857142857,0,1
"11","71","Coles et al. (2022, Study 1)","Fact or artifact? Demand characteristics and participants’ beliefs can moderate, but do not fully account for, the effects of facial feedback on emotional experience",2022,1,"yes","yes","no","no","between","cvp","11_p_ang","N/A","single",0.272863626403101,0.024614155789282,0.633333333333333,2.46666666666667,1.06666666666667,0.966666666666667,0.857142857142857,0,1
"11","72","Coles et al. (2022, Study 1)","Fact or artifact? Demand characteristics and participants’ beliefs can moderate, but do not fully account for, the effects of facial feedback on emotional experience",2022,1,"yes","yes","no","no","between","pvz","11_p_ang","11_z_ang","double",0.770171628404519,0.0246338308159425,0.850724637681159,4.85797101449275,1.76231884057971,1.61884057971014,0.857142857142857,0,1
"11","73","Coles et al. (2022, Study 1)","Fact or artifact? Demand characteristics and participants’ beliefs can moderate, but do not fully account for, the effects of facial feedback on emotional experience",2022,1,"yes","yes","no","no","between","cvz","11_z_ang","N/A","single",0.534719594426078,0.0251264861588753,0.217391304347826,2.39130434782609,0.695652173913043,0.652173913043478,0.857142857142857,0,1
"11","74","Coles et al. (2022, Study 1)","Fact or artifact? Demand characteristics and participants’ beliefs can moderate, but do not fully account for, the effects of facial feedback on emotional experience",2022,1,"yes","yes","no","no","between","cvp","11_p_hap","N/A","single",0.287684214919816,0.0246396393748654,0.545454545454545,2.54545454545455,0.878787878787879,1.24242424242424,0.857142857142857,0,1
"11","75","Coles et al. (2022, Study 1)","Fact or artifact? Demand characteristics and participants’ beliefs can moderate, but do not fully account for, the effects of facial feedback on emotional experience",2022,1,"yes","yes","no","no","between","cvp","11_p_hap","N/A","single",0.306927405105928,0.0246747382229973,0.545454545454545,2.54545454545455,0.878787878787879,1.24242424242424,0.857142857142857,0,1
"11","76","Coles et al. (2022, Study 1)","Fact or artifact? Demand characteristics and participants’ beliefs can moderate, but do not fully account for, the effects of facial feedback on emotional experience",2022,1,"yes","yes","no","no","between","pvz","11_p_hap","11_z_hap","double",0.791805798208998,0.0247314958011393,0.962121212121212,4.92045454545454,1.08712121212121,1.99242424242424,0.857142857142857,0,1
"11","77","Coles et al. (2022, Study 1)","Fact or artifact? Demand characteristics and participants’ beliefs can moderate, but do not fully account for, the effects of facial feedback on emotional experience",2022,1,"yes","yes","no","no","between","pvz","11_p_hap","11_z_hap","double",0.894258555844654,0.0252307499705728,0.962121212121212,4.92045454545454,1.08712121212121,1.99242424242424,0.857142857142857,0,1
"11","78","Coles et al. (2022, Study 1)","Fact or artifact? Demand characteristics and participants’ beliefs can moderate, but do not fully account for, the effects of facial feedback on emotional experience",2022,1,"yes","yes","no","no","between","cvz","11_z_hap","N/A","single",0.472510684262378,0.0249354535432622,0.416666666666667,2.375,0.208333333333333,0.75,0.857142857142857,0,1
"11","79","Coles et al. (2022, Study 1)","Fact or artifact? Demand characteristics and participants’ beliefs can moderate, but do not fully account for, the effects of facial feedback on emotional experience",2022,1,"yes","yes","no","no","between","cvz","11_z_hap","N/A","single",0.52322856056707,0.0250894223842713,0.416666666666667,2.375,0.208333333333333,0.75,0.857142857142857,0,1
"11","80","Coles et al. (2022, Study 1)","Fact or artifact? Demand characteristics and participants’ beliefs can moderate, but do not fully account for, the effects of facial feedback on emotional experience",2022,1,"yes","yes","no","no","between","cvp","11_p_ang","N/A","single",0.141471098613779,0.0244471604307824,0.633333333333333,2.46666666666667,1.06666666666667,0.966666666666667,0.857142857142857,0,1
"11","81","Coles et al. (2022, Study 1)","Fact or artifact? Demand characteristics and participants’ beliefs can moderate, but do not fully account for, the effects of facial feedback on emotional experience",2022,1,"yes","yes","no","no","between","cvp","11_p_ang","N/A","single",0.293580001499976,0.0246501516747632,0.633333333333333,2.46666666666667,1.06666666666667,0.966666666666667,0.857142857142857,0,1
"11","82","Coles et al. (2022, Study 1)","Fact or artifact? Demand characteristics and participants’ beliefs can moderate, but do not fully account for, the effects of facial feedback on emotional experience",2022,1,"yes","yes","no","no","between","pvz","11_p_ang","11_z_ang","double",0.595920904012919,0.023945846384267,0.850724637681159,4.85797101449275,1.76231884057971,1.61884057971014,0.857142857142857,0,1
"11","83","Coles et al. (2022, Study 1)","Fact or artifact? Demand characteristics and participants’ beliefs can moderate, but do not fully account for, the effects of facial feedback on emotional experience",2022,1,"yes","yes","no","no","between","pvz","11_p_ang","11_z_ang","double",0.797693999502884,0.0247585457860108,0.850724637681159,4.85797101449275,1.76231884057971,1.61884057971014,0.857142857142857,0,1
"11","84","Coles et al. (2022, Study 1)","Fact or artifact? Demand characteristics and participants’ beliefs can moderate, but do not fully account for, the effects of facial feedback on emotional experience",2022,1,"yes","yes","no","no","between","cvz","11_z_ang","N/A","single",0.476093788664766,0.024945816192235,0.217391304347826,2.39130434782609,0.695652173913043,0.652173913043478,0.857142857142857,0,1
"11","85","Coles et al. (2022, Study 1)","Fact or artifact? Demand characteristics and participants’ beliefs can moderate, but do not fully account for, the effects of facial feedback on emotional experience",2022,1,"yes","yes","no","no","between","cvz","11_z_ang","N/A","single",0.533225849978263,0.0251216226296736,0.217391304347826,2.39130434782609,0.695652173913043,0.652173913043478,0.857142857142857,0,1
"12","86","Coles et al. (2022, Study 2)","Fact or artifact? Demand characteristics and participants’ beliefs can moderate, but do not fully account for, the effects of facial feedback on emotional experience",2022,2,"yes","yes","no","yes","between","cvp","12_p_hap","N/A","single",0.254928049282491,0.0302067645992266,0.727272727272727,2.54545454545455,1,1.15151515151515,0.857142857142857,0,1
"12","87","Coles et al. (2022, Study 2)","Fact or artifact? Demand characteristics and participants’ beliefs can moderate, but do not fully account for, the effects of facial feedback on emotional experience",2022,2,"yes","yes","no","yes","between","pvz","12_p_hap","12_z_hap","double",0.469525618281922,0.0320812478108026,0.94949494949495,4.95286195286195,0.814814814814815,1.74410774410774,0.857142857142857,0,1
"12","88","Coles et al. (2022, Study 2)","Fact or artifact? Demand characteristics and participants’ beliefs can moderate, but do not fully account for, the effects of facial feedback on emotional experience",2022,2,"yes","yes","no","yes","between","cvz","12_z_hap","N/A","single",0.214292124324937,0.0318444976820471,0.222222222222222,2.40740740740741,-0.185185185185185,0.592592592592593,0.857142857142857,0,1
"12","89","Coles et al. (2022, Study 2)","Fact or artifact? Demand characteristics and participants’ beliefs can moderate, but do not fully account for, the effects of facial feedback on emotional experience",2022,2,"yes","yes","no","yes","between","cvp","12_p_ang","N/A","single",-0.291636213974865,0.0302827622166153,0.228571428571429,2.71428571428571,0.657142857142857,0.828571428571429,0.857142857142857,0,1
"12","90","Coles et al. (2022, Study 2)","Fact or artifact? Demand characteristics and participants’ beliefs can moderate, but do not fully account for, the effects of facial feedback on emotional experience",2022,2,"yes","yes","no","yes","between","pvz","12_p_ang","12_z_ang","double",0.279674638304645,0.0315212619725656,0.699159663865546,5.30252100840336,0.715966386554622,1.65210084033613,0.857142857142857,0,1
"12","91","Coles et al. (2022, Study 2)","Fact or artifact? Demand characteristics and participants’ beliefs can moderate, but do not fully account for, the effects of facial feedback on emotional experience",2022,2,"yes","yes","no","yes","between","cvz","12_z_ang","N/A","single",0.576574646086085,0.0329905665138935,0.470588235294118,2.58823529411765,0.0588235294117647,0.823529411764706,0.857142857142857,0,1
"12","92","Coles et al. (2022, Study 2)","Fact or artifact? Demand characteristics and participants’ beliefs can moderate, but do not fully account for, the effects of facial feedback on emotional experience",2022,2,"yes","yes","no","yes","between","cvp","12_p_hap","N/A","single",0.183739837287903,0.03008847678671,0.727272727272727,2.54545454545455,1,1.15151515151515,0.857142857142857,0,1
"12","93","Coles et al. (2022, Study 2)","Fact or artifact? Demand characteristics and participants’ beliefs can moderate, but do not fully account for, the effects of facial feedback on emotional experience",2022,2,"yes","yes","no","yes","between","cvp","12_p_hap","N/A","single",0.224063953570555,0.0301507659059641,0.727272727272727,2.54545454545455,1,1.15151515151515,0.857142857142857,0,1
"12","94","Coles et al. (2022, Study 2)","Fact or artifact? Demand characteristics and participants’ beliefs can moderate, but do not fully account for, the effects of facial feedback on emotional experience",2022,2,"yes","yes","no","yes","between","pvz","12_p_hap","12_z_hap","double",0.241546927728566,0.0314430218740785,0.94949494949495,4.95286195286195,0.814814814814815,1.74410774410774,0.857142857142857,0,1
"12","95","Coles et al. (2022, Study 2)","Fact or artifact? Demand characteristics and participants’ beliefs can moderate, but do not fully account for, the effects of facial feedback on emotional experience",2022,2,"yes","yes","no","yes","between","pvz","12_p_hap","12_z_hap","double",0.411920249636581,0.0318813422432342,0.94949494949495,4.95286195286195,0.814814814814815,1.74410774410774,0.857142857142857,0,1
"12","96","Coles et al. (2022, Study 2)","Fact or artifact? Demand characteristics and participants’ beliefs can moderate, but do not fully account for, the effects of facial feedback on emotional experience",2022,2,"yes","yes","no","yes","between","cvz","12_z_hap","N/A","single",0.0368282917597828,0.0316662385161521,0.222222222222222,2.40740740740741,-0.185185185185185,0.592592592592593,0.857142857142857,0,1
"12","97","Coles et al. (2022, Study 2)","Fact or artifact? Demand characteristics and participants’ beliefs can moderate, but do not fully account for, the effects of facial feedback on emotional experience",2022,2,"yes","yes","no","yes","between","cvz","12_z_hap","N/A","single",0.157406180135035,0.0317599200460352,0.222222222222222,2.40740740740741,-0.185185185185185,0.592592592592593,0.857142857142857,0,1
"12","98","Coles et al. (2022, Study 2)","Fact or artifact? Demand characteristics and participants’ beliefs can moderate, but do not fully account for, the effects of facial feedback on emotional experience",2022,2,"yes","yes","no","yes","between","cvp","12_p_ang","N/A","single",0,0.0299605967571396,0.228571428571429,2.71428571428571,0.657142857142857,0.828571428571429,0.857142857142857,0,1
"12","99","Coles et al. (2022, Study 2)","Fact or artifact? Demand characteristics and participants’ beliefs can moderate, but do not fully account for, the effects of facial feedback on emotional experience",2022,2,"yes","yes","no","yes","between","cvp","12_p_ang","N/A","single",0.0631153639351713,0.0299756859585209,0.228571428571429,2.71428571428571,0.657142857142857,0.828571428571429,0.857142857142857,0,1
"12","100","Coles et al. (2022, Study 2)","Fact or artifact? Demand characteristics and participants’ beliefs can moderate, but do not fully account for, the effects of facial feedback on emotional experience",2022,2,"yes","yes","no","yes","between","pvz","12_p_ang","12_z_ang","double",0.29671693539296,0.0315599353443694,0.699159663865546,5.30252100840336,0.715966386554622,1.65210084033613,0.857142857142857,0,1
"12","101","Coles et al. (2022, Study 2)","Fact or artifact? Demand characteristics and participants’ beliefs can moderate, but do not fully account for, the effects of facial feedback on emotional experience",2022,2,"yes","yes","no","yes","between","pvz","12_p_ang","12_z_ang","double",0.26974343334192,0.0314997801478422,0.699159663865546,5.30252100840336,0.715966386554622,1.65210084033613,0.857142857142857,0,1
"12","102","Coles et al. (2022, Study 2)","Fact or artifact? Demand characteristics and participants’ beliefs can moderate, but do not fully account for, the effects of facial feedback on emotional experience",2022,2,"yes","yes","no","yes","between","cvz","12_z_ang","N/A","single",0.27824385138133,0.0319704917871824,0.470588235294118,2.58823529411765,0.0588235294117647,0.823529411764706,0.857142857142857,0,1
"12","103","Coles et al. (2022, Study 2)","Fact or artifact? Demand characteristics and participants’ beliefs can moderate, but do not fully account for, the effects of facial feedback on emotional experience",2022,2,"yes","yes","no","yes","between","cvz","12_z_ang","N/A","single",0.202551130096681,0.0318249210650701,0.470588235294118,2.58823529411765,0.0588235294117647,0.823529411764706,0.857142857142857,0,1
"13","104","Coles et al. (2022, Study 3)","Fact or artifact? Demand characteristics and participants’ beliefs can moderate, but do not fully account for, the effects of facial feedback on emotional experience",2022,3,"yes","yes","no","yes","between","pvz","12_p_hap","12_z_hap","double",0.340451814929594,0.0307084611163446,0.94949494949495,4.95286195286195,0.814814814814815,1.74410774410774,0.857142857142857,0,1
"13","105","Coles et al. (2022, Study 3)","Fact or artifact? Demand characteristics and participants’ beliefs can moderate, but do not fully account for, the effects of facial feedback on emotional experience",2022,3,"yes","yes","no","yes","between","pvz","12_p_ang","12_z_ang","double",0.427852042671623,0.0309647585672203,0.699159663865546,5.30252100840336,0.715966386554622,1.65210084033613,0.857142857142857,0,1
"13","106","Coles et al. (2022, Study 3)","Fact or artifact? Demand characteristics and participants’ beliefs can moderate, but do not fully account for, the effects of facial feedback on emotional experience",2022,3,"yes","yes","no","yes","between","pvz","12_p_hap","12_z_hap","double",0.325392998168014,0.0306701907536267,0.94949494949495,4.95286195286195,0.814814814814815,1.74410774410774,0.857142857142857,0,1
"13","107","Coles et al. (2022, Study 3)","Fact or artifact? Demand characteristics and participants’ beliefs can moderate, but do not fully account for, the effects of facial feedback on emotional experience",2022,3,"yes","yes","no","yes","between","pvz","12_p_hap","12_z_hap","double",0.353982108474738,0.0307443233103575,0.94949494949495,4.95286195286195,0.814814814814815,1.74410774410774,0.857142857142857,0,1
"13","108","Coles et al. (2022, Study 3)","Fact or artifact? Demand characteristics and participants’ beliefs can moderate, but do not fully account for, the effects of facial feedback on emotional experience",2022,3,"yes","yes","no","yes","between","pvz","12_p_ang","12_z_ang","double",0.451540534966253,0.0310442680492788,0.699159663865546,5.30252100840336,0.715966386554622,1.65210084033613,0.857142857142857,0,1
"13","109","Coles et al. (2022, Study 3)","Fact or artifact? Demand characteristics and participants’ beliefs can moderate, but do not fully account for, the effects of facial feedback on emotional experience",2022,3,"yes","yes","no","yes","between","pvz","12_p_ang","12_z_ang","double",0.529377912447328,0.0313356883525974,0.699159663865546,5.30252100840336,0.715966386554622,1.65210084033613,0.857142857142857,0,1
"14","110","Mummolo & Peterson (2019, Study 2a)","Demand effects in survey experiments: An empirical assessment",2019,2,"yes","no","yes","yes","between","nvc","14_n_res","N/A","single",-0.0661782419477707,0.0038837533359552,-0.0967741935483871,3.25806451612903,-0.0645161290322581,0.580645161290323,0.857142857142857,0,1
"14","111","Mummolo & Peterson (2019, Study 2a)","Demand effects in survey experiments: An empirical assessment",2019,2,"yes","no","yes","yes","between","cvp","14_p_res","N/A","single",0.0445456604561327,0.00397275948408199,-0.916666666666667,3.29166666666667,0,-0.833333333333333,0.857142857142857,0,1
"14","112","Mummolo & Peterson (2019, Study 2a)","Demand effects in survey experiments: An empirical assessment",2019,2,"yes","no","yes","yes","between","pvn","14_p_res","14_n_res","double",-0.0222383589552302,0.00396071964728895,-1.01344086021505,6.5497311827957,-0.0645161290322581,-0.252688172043011,0.857142857142857,0,1
"40","113","Mummolo & Peterson (2019, Study 2b)","Demand effects in survey experiments: An empirical assessment",2019,2,"yes","no","yes","yes","between","nvc","40_n_new","N/A","single",0.0225997131607884,0.00409001879130952,-0.242424242424242,2.90909090909091,-0.696969696969697,0.242424242424242,1,0,1
"40","114","Mummolo & Peterson (2019, Study 2b)","Demand effects in survey experiments: An empirical assessment",2019,2,"yes","no","yes","yes","between","cvp","40_p_new","N/A","single",0.044354412315325,0.00395979392546651,0.0344827586206897,3.03448275862069,1.68965517241379,0.793103448275862,1,0,1
"40","115","Mummolo & Peterson (2019, Study 2b)","Demand effects in survey experiments: An empirical assessment",2019,2,"yes","no","yes","yes","between","pvn","40_p_new","40_n_new","double",0.065915925768328,0.00387313077445072,-0.207941483803553,5.9435736677116,0.992685475444096,1.0355276907001,1,0,1
"15","116","Mummolo & Peterson (2019, Study 3a)","Demand effects in survey experiments: An empirical assessment",2019,3,"yes","no","yes","yes","between","cvp","15_p_nin","N/A","single",0.0156862078297289,0.00313601816498703,0.266666666666667,2.7,0.8,0.6,0.857142857142857,0,1
"15","117","Mummolo & Peterson (2019, Study 3a)","Demand effects in survey experiments: An empirical assessment",2019,3,"yes","no","yes","yes","between","cvp","15_p_yin","N/A","single",0.18888070941893,0.00329294037030845,0.75,3.14285714285714,1.07142857142857,1.82142857142857,0.857142857142857,0,1
"41","118","Mummolo & Peterson (2019, Study 3b)","Demand effects in survey experiments: An empirical assessment",2019,3,"yes","no","yes","yes","between","cvp","41_p_nin","N/A","single",0.0600320357139575,0.00321083358181462,0.142857142857143,2.64285714285714,0.5,0.392857142857143,0.857142857142857,0,1
"41","119","Mummolo & Peterson (2019, Study 3b)","Demand effects in survey experiments: An empirical assessment",2019,3,"yes","no","yes","yes","between","cvp","41_p_yin","N/A","single",0.100647311996696,0.00324813642467968,0,2.96774193548387,0.774193548387097,1.09677419354839,0.857142857142857,0,1
"16","120","Mummolo & Peterson (2019, Study 4)","Demand effects in survey experiments: An empirical assessment",2019,4,"yes","no","yes","yes","between","cvp","40_p_new","N/A","single",0,0.0025249835892451,0.0344827586206897,3.03448275862069,1.68965517241379,0.793103448275862,0.857142857142857,0,1
"16","121","Mummolo & Peterson (2019, Study 4)","Demand effects in survey experiments: An empirical assessment",2019,4,"yes","no","yes","yes","between","cvp","16_p_new","N/A","single",-0.0118874118859189,0.00254388465782779,1.54838709677419,3.16129032258065,1.87096774193548,2.16129032258065,0.857142857142857,0,1
"17","122","Mummolo & Peterson (2019, Study 5a)","Demand effects in survey experiments: An empirical assessment",2019,5,"yes","no","yes","yes","between","cvp","17_p_nin","N/A","single",0.0116049519237426,0.00107750021543082,0.1,2.83333333333333,0.9,0.266666666666667,0.857142857142857,0,1
"17","123","Mummolo & Peterson (2019, Study 5a)","Demand effects in survey experiments: An empirical assessment",2019,5,"yes","no","yes","yes","between","cvp","17_p_yin","N/A","single",-0.0232253322866452,0.00107902810146998,0.84375,3.125,0.90625,1.65625,0.857142857142857,0,1
"42","124","Mummolo & Peterson (2019, Study 5b)","Demand effects in survey experiments: An empirical assessment",2019,5,"yes","no","yes","yes","between","cvp","15_p_nin","N/A","single",0.0116953025325478,0.00109426018302635,0.266666666666667,2.7,0.8,0.6,0.857142857142857,0,1
"42","125","Mummolo & Peterson (2019, Study 5b)","Demand effects in survey experiments: An empirical assessment",2019,5,"yes","no","yes","yes","between","cvp","15_p_yin","N/A","single",0.011582977421513,0.00107405711827751,0.75,3.14285714285714,1.07142857142857,1.82142857142857,0.857142857142857,0,1
"43","126","Mummolo & Peterson (2019, Study 5c)","Demand effects in survey experiments: An empirical assessment",2019,5,"yes","no","yes","yes","between","cvp","41_p_nin","N/A","single",-0.0465260118689187,0.00108275229869918,0.142857142857143,2.64285714285714,0.5,0.392857142857143,0.857142857142857,0,1
"43","127","Mummolo & Peterson (2019, Study 5c)","Demand effects in survey experiments: An empirical assessment",2019,5,"yes","no","yes","yes","between","cvp","41_p_yin","N/A","single",0.0698369270658332,0.00108456675125819,0,2.96774193548387,0.774193548387097,1.09677419354839,0.857142857142857,0,1
"18","128","Allen & Smith (2012)","Demand characteristics, pre-test attitudes and time-on-task trends in the effects of chewing gum on attention and reported mood in healthy volunteers",2012,1,"yes","yes",NA,"no","between","pvn","18_p_ale","18_n_ale","double",0.583149347331189,0.0809072789087806,NA,NA,NA,NA,0.857142857142857,0,1
"18","129","Allen & Smith (2012)","Demand characteristics, pre-test attitudes and time-on-task trends in the effects of chewing gum on attention and reported mood in healthy volunteers",2012,1,"yes","yes",NA,"no","between","cvp","18_p_ale","N/A","single",0.216888152717332,0.0795473692315114,NA,NA,NA,NA,0.857142857142857,0,1
"18","130","Allen & Smith (2012)","Demand characteristics, pre-test attitudes and time-on-task trends in the effects of chewing gum on attention and reported mood in healthy volunteers",2012,1,"yes","yes",NA,"no","between","nvc","18_n_ale","N/A","single",0.698516501481433,0.0840461940483759,NA,NA,NA,NA,0.857142857142857,0,1
"18","131","Allen & Smith (2012)","Demand characteristics, pre-test attitudes and time-on-task trends in the effects of chewing gum on attention and reported mood in healthy volunteers",2012,1,"yes","yes",NA,"no","between","pvn","18_p_ale","18_n_ale","double",0.734774869109948,0.082905588378608,NA,NA,NA,NA,0.857142857142857,0,1
"18","132","Allen & Smith (2012)","Demand characteristics, pre-test attitudes and time-on-task trends in the effects of chewing gum on attention and reported mood in healthy volunteers",2012,1,"yes","yes",NA,"no","between","cvp","18_p_ale","N/A","single",-0.0303058823529411,0.0790767363306548,NA,NA,NA,NA,0.857142857142857,0,1
"18","133","Allen & Smith (2012)","Demand characteristics, pre-test attitudes and time-on-task trends in the effects of chewing gum on attention and reported mood in healthy volunteers",2012,1,"yes","yes",NA,"no","between","nvc","18_n_ale","N/A","single",0.764829946524064,0.0850363934795814,NA,NA,NA,NA,0.857142857142857,0,1
"18","134","Allen & Smith (2012)","Demand characteristics, pre-test attitudes and time-on-task trends in the effects of chewing gum on attention and reported mood in healthy volunteers",2012,1,"yes","yes",NA,"no","between","pvn","18_p_cat","18_n_cat","double",-42.4112319146443,18.0646325724733,NA,NA,NA,NA,0.857142857142857,0,1
"18","135","Allen & Smith (2012)","Demand characteristics, pre-test attitudes and time-on-task trends in the effects of chewing gum on attention and reported mood in healthy volunteers",2012,1,"yes","yes",NA,"no","between","cvp","18_p_cat","N/A","single",-70.6280572594904,50.9803170812628,NA,NA,NA,NA,0.857142857142857,0,1
"18","136","Allen & Smith (2012)","Demand characteristics, pre-test attitudes and time-on-task trends in the effects of chewing gum on attention and reported mood in healthy volunteers",2012,1,"yes","yes",NA,"no","between","nvc","18_n_cat","N/A","single",33.7808212250756,11.723392697494,NA,NA,NA,NA,0.857142857142857,0,1
"18","137","Allen & Smith (2012)","Demand characteristics, pre-test attitudes and time-on-task trends in the effects of chewing gum on attention and reported mood in healthy volunteers",2012,1,"yes","yes",NA,"no","between","pvn","18_p_cat","18_n_cat","double",-81.4154703306555,66.3622947389144,NA,NA,NA,NA,0.857142857142857,0,1
"18","138","Allen & Smith (2012)","Demand characteristics, pre-test attitudes and time-on-task trends in the effects of chewing gum on attention and reported mood in healthy volunteers",2012,1,"yes","yes",NA,"no","between","cvp","18_p_cat","N/A","single",104.015588666589,110.479502932357,NA,NA,NA,NA,0.857142857142857,0,1
"18","139","Allen & Smith (2012)","Demand characteristics, pre-test attitudes and time-on-task trends in the effects of chewing gum on attention and reported mood in healthy volunteers",2012,1,"yes","yes",NA,"no","between","nvc","18_n_cat","N/A","single",-209.162282304197,446.496009596068,NA,NA,NA,NA,0.857142857142857,0,1
"18","140","Allen & Smith (2012)","Demand characteristics, pre-test attitudes and time-on-task trends in the effects of chewing gum on attention and reported mood in healthy volunteers",2012,1,"yes","yes",NA,"no","between","pvn","18_p_anx","18_n_anx","double",-0.189210586632933,0.0778646537567924,NA,NA,NA,NA,0.857142857142857,0,1
"18","141","Allen & Smith (2012)","Demand characteristics, pre-test attitudes and time-on-task trends in the effects of chewing gum on attention and reported mood in healthy volunteers",2012,1,"yes","yes",NA,"no","between","cvp","18_p_anx","N/A","single",-0.191137111817372,0.0794401541776823,NA,NA,NA,NA,0.857142857142857,0,1
"18","142","Allen & Smith (2012)","Demand characteristics, pre-test attitudes and time-on-task trends in the effects of chewing gum on attention and reported mood in healthy volunteers",2012,1,"yes","yes",NA,"no","between","nvc","18_n_anx","N/A","single",-0.191137111817372,0.0794401541776823,NA,NA,NA,NA,0.857142857142857,0,1
"18","143","Allen & Smith (2012)","Demand characteristics, pre-test attitudes and time-on-task trends in the effects of chewing gum on attention and reported mood in healthy volunteers",2012,1,"yes","yes",NA,"no","between","pvn","18_p_hed","18_n_hed","double",-0.189210586632933,0.0778646537567924,NA,NA,NA,NA,0.857142857142857,0,1
"18","144","Allen & Smith (2012)","Demand characteristics, pre-test attitudes and time-on-task trends in the effects of chewing gum on attention and reported mood in healthy volunteers",2012,1,"yes","yes",NA,"no","between","cvp","18_p_hed","N/A","single",-0.191137111817372,0.0794401541776823,NA,NA,NA,NA,0.857142857142857,0,1
"18","145","Allen & Smith (2012)","Demand characteristics, pre-test attitudes and time-on-task trends in the effects of chewing gum on attention and reported mood in healthy volunteers",2012,1,"yes","yes",NA,"no","between","nvc","18_n_hed","N/A","single",-0.191137111817372,0.0794401541776823,NA,NA,NA,NA,0.857142857142857,0,1
"18","146","Allen & Smith (2012)","Demand characteristics, pre-test attitudes and time-on-task trends in the effects of chewing gum on attention and reported mood in healthy volunteers",2012,1,"yes","yes",NA,"no","between","pvn","18_p_foc","18_n_foc","double",-0.189210586632933,0.0778646537567924,NA,NA,NA,NA,0.857142857142857,0,1
"18","147","Allen & Smith (2012)","Demand characteristics, pre-test attitudes and time-on-task trends in the effects of chewing gum on attention and reported mood in healthy volunteers",2012,1,"yes","yes",NA,"no","between","cvp","18_p_foc","N/A","single",-0.191137111817372,0.0794401541776823,NA,NA,NA,NA,0.857142857142857,0,1
"18","148","Allen & Smith (2012)","Demand characteristics, pre-test attitudes and time-on-task trends in the effects of chewing gum on attention and reported mood in healthy volunteers",2012,1,"yes","yes",NA,"no","between","nvc","18_n_foc","N/A","single",-0.191137111817372,0.0794401541776823,NA,NA,NA,NA,0.857142857142857,0,1
"18","149","Allen & Smith (2012)","Demand characteristics, pre-test attitudes and time-on-task trends in the effects of chewing gum on attention and reported mood in healthy volunteers",2012,1,"yes","yes",NA,"no","between","pvn","18_p_foc","18_n_foc","double",-0.189210586632933,0.0778646537567924,NA,NA,NA,NA,0.857142857142857,0,1
"18","150","Allen & Smith (2012)","Demand characteristics, pre-test attitudes and time-on-task trends in the effects of chewing gum on attention and reported mood in healthy volunteers",2012,1,"yes","yes",NA,"no","between","cvp","18_p_foc","N/A","single",-0.191137111817372,0.0794401541776823,NA,NA,NA,NA,0.857142857142857,0,1
"18","151","Allen & Smith (2012)","Demand characteristics, pre-test attitudes and time-on-task trends in the effects of chewing gum on attention and reported mood in healthy volunteers",2012,1,"yes","yes",NA,"no","between","nvc","18_n_foc","N/A","single",-0.191137111817372,0.0794401541776823,NA,NA,NA,NA,0.857142857142857,0,1
"18","152","Allen & Smith (2012)","Demand characteristics, pre-test attitudes and time-on-task trends in the effects of chewing gum on attention and reported mood in healthy volunteers",2012,1,"yes","yes",NA,"no","between","pvn","18_p_rac","18_n_rac","double",-0.189210586632933,0.0778646537567924,NA,NA,NA,NA,0.857142857142857,0,1
"18","153","Allen & Smith (2012)","Demand characteristics, pre-test attitudes and time-on-task trends in the effects of chewing gum on attention and reported mood in healthy volunteers",2012,1,"yes","yes",NA,"no","between","cvp","18_p_rac","N/A","single",-0.191137111817372,0.0794401541776823,NA,NA,NA,NA,0.857142857142857,0,1
"18","154","Allen & Smith (2012)","Demand characteristics, pre-test attitudes and time-on-task trends in the effects of chewing gum on attention and reported mood in healthy volunteers",2012,1,"yes","yes",NA,"no","between","nvc","18_n_rac","N/A","single",-0.191137111817372,0.0794401541776823,NA,NA,NA,NA,0.857142857142857,0,1
"19","155","Isager (2022)","Isager's student replication of Coles et al. 2022",2022,1,"no","yes","no","yes","between","pvz","11_p_hap","11_z_hap","double",0.118481093732503,0.0710124135750696,0.962121212121212,4.92045454545454,1.08712121212121,1.99242424242424,0,0,1
"19","156","Isager (2022)","Isager's student replication of Coles et al. 2022",2022,1,"no","yes","no","yes","between","pvz","11_p_hap","11_z_hap","double",-0.0349534741147743,0.0708959042639845,0.962121212121212,4.92045454545454,1.08712121212121,1.99242424242424,0,0,1
"20","157","Terhune & Smith (2012)","The induction of anomalous experiences in a mirror-gazing facility",2012,1,"yes","no","no","no","between","pvz","20_p_vis","20_z_vis","double",0.58612959865972,0.100360310849522,0.698571428571429,4.48571428571429,0.275714285714286,1.38,1,0,1
"20","158","Terhune & Smith (2012)","The induction of anomalous experiences in a mirror-gazing facility",2012,1,"yes","no","no","no","between","pvz","20_p_voc","20_z_voc","double",0.520513574085806,0.0994526417793044,1.25862068965517,3.92610837438424,0.980295566502463,2.03940886699507,1,0,1
"20","159","Terhune & Smith (2012)","The induction of anomalous experiences in a mirror-gazing facility",2012,1,"yes","no","no","no","between","pvz","20_p_non","20_z_non","double",-0.499291369772607,0.0991821104183273,0.037037037037037,4.68518518518519,0.797720797720798,1.81481481481481,1,0,1
"20","160","Terhune & Smith (2012)","The induction of anomalous experiences in a mirror-gazing facility",2012,1,"yes","no","no","no","between","pvz","20_p_bod","20_z_bod","double",-0.35349077191836,0.0976279085921027,0.518181818181818,3.73636363636364,0.675757575757576,1.73333333333333,1,0,1
"20","161","Terhune & Smith (2012)","The induction of anomalous experiences in a mirror-gazing facility",2012,1,"yes","no","no","no","between","pvz","20_p_pre","20_z_pre","double",0.220460229542119,0.0966734959293317,0.73731884057971,4.45652173913043,1.36413043478261,2.07246376811594,1,0,1
"21","162","Cramer & Buckland (1995)","Effect of rational and irrational statements and demand characteristics on task anxiety",1995,1,"yes","yes","no","no","between","nvc","21_n_rat","N/A","single",-0.0540768197651126,0.1554315135342,0.0967741935483871,2.16129032258065,0.67741935483871,0.774193548387097,1,0,1
"21","163","Cramer & Buckland (1995)","Effect of rational and irrational statements and demand characteristics on task anxiety",1995,1,"yes","yes","no","no","between","nvc","21_n_irr","N/A","single",0.600131812816788,0.162873886249177,0.352941176470588,2.32352941176471,0.470588235294118,0.647058823529412,1,0,1
"22","164","Barabasz et al. (1991)","Effects of experimental context, demand characteristics, and situational cues: New data",1991,1,"yes","yes","no","no","between","cvp","22_p_sim","N/A","single",-0.285898009581462,0.185499105355884,0.517241379310345,2.55172413793103,0.793103448275862,0.793103448275862,0.857142857142857,0,0.666666666666667
"22","165","Barabasz et al. (1991)","Effects of experimental context, demand characteristics, and situational cues: New data",1991,1,"yes","yes","no","no","between","cvp","22_p_spi","N/A","single",-0.178636490648478,0.184253438453598,0.483870967741935,2,1.19354838709677,0.806451612903226,0.857142857142857,0,0.666666666666667
"22","166","Barabasz et al. (1991)","Effects of experimental context, demand characteristics, and situational cues: New data",1991,1,"yes","yes","no","no","between","cvp","22_p_sen","N/A","single",-0.330399323005726,0.186184756374884,0.4,1.86666666666667,1.2,0.766666666666667,0.857142857142857,0,0.666666666666667
"23","167","Veitch et al. (1991)","Demand characteristics and full spectrum lighting effects on performance and mood",1991,1,"yes","yes","no","no","between","pvz","23_p_rea","23_z_rea","double",-0.178729762299637,0.113013772394191,0.727272727272727,4.06060606060606,0.53030303030303,1.45454545454545,0.857142857142857,0,0.666666666666667
"23","168","Veitch et al. (1991)","Demand characteristics and full spectrum lighting effects on performance and mood",1991,1,"yes","yes","no","no","between","cvp","23_p_rea","N/A","single",0.407516827493626,0.103358239280463,0.0909090909090909,2.06060606060606,0.212121212121212,0.636363636363636,0.857142857142857,0,0.666666666666667
"23","169","Veitch et al. (1991)","Demand characteristics and full spectrum lighting effects on performance and mood",1991,1,"yes","yes","no","no","between","pvz","23_p_ari","23_z_ari","double",0.250641627713811,0.113467844417887,0.974117647058824,3.81529411764706,0.842352941176471,1.65058823529412,0.857142857142857,0,0.666666666666667
"23","170","Veitch et al. (1991)","Demand characteristics and full spectrum lighting effects on performance and mood",1991,1,"yes","yes","no","no","between","cvp","23_p_ari","N/A","single",-0.00240244940836735,0.101173184110367,0.294117647058824,1.73529411764706,-0.117647058823529,0.970588235294118,0.857142857142857,0,0.666666666666667
"23","171","Veitch et al. (1991)","Demand characteristics and full spectrum lighting effects on performance and mood",1991,1,"yes","yes","no","no","between","pvz","23_p_und","23_z_und","double",-0.202641113309157,0.113147876701124,0.484848484848485,4.45454545454546,0.0454545454545455,1,0.857142857142857,0,0.666666666666667
"23","172","Veitch et al. (1991)","Demand characteristics and full spectrum lighting effects on performance and mood",1991,1,"yes","yes","no","no","between","cvp","23_p_und","N/A","single",0.201510971669243,0.101707406477998,0.484848484848485,2.27272727272727,0.0909090909090909,0.727272727272727,0.857142857142857,0,0.666666666666667
"23","173","Veitch et al. (1991)","Demand characteristics and full spectrum lighting effects on performance and mood",1991,1,"yes","yes","no","no","between","pvz","23_p_pos","23_z_pos","double",1.15151218561864,0.132043713360316,1.17714285714286,4.69714285714286,1.13142857142857,1.50285714285714,0.857142857142857,0,0.666666666666667
"23","174","Veitch et al. (1991)","Demand characteristics and full spectrum lighting effects on performance and mood",1991,1,"yes","yes","no","no","between","cvp","23_p_pos","N/A","single",0.349243950429207,0.102777994178107,0.657142857142857,2.45714285714286,0.771428571428571,0.942857142857143,0.857142857142857,0,0.666666666666667
"25","175","Kenealy (1988)","Validation of a music mood induction procedure: Some preliminary findings",1988,1,"yes","yes","no","no","between","cvp","25_p_hap","N/A","single",0.403523464058362,0.33446830227835,0.8,2.77142857142857,1.77142857142857,1.37142857142857,0.714285714285714,0,1
"25","176","Kenealy (1988)","Validation of a music mood induction procedure: Some preliminary findings",1988,1,"yes","yes","no","no","between","pvn","25_p_hap","25_n_hap","double",0.403523464058362,0.33446830227835,0.961290322580645,5.54562211981567,0.739170506912442,2.08110599078341,0.714285714285714,0,1
"25","177","Kenealy (1988)","Validation of a music mood induction procedure: Some preliminary findings",1988,1,"yes","yes","no","no","between","nvc","25_n_hap","N/A","single",0.403523464058362,0.33446830227835,0.161290322580645,2.7741935483871,-1.03225806451613,0.709677419354839,0.714285714285714,0,1
"25","178","Kenealy (1988)","Validation of a music mood induction procedure: Some preliminary findings",1988,1,"yes","yes","no","no","between","cvp","25_p_exh","N/A","single",-0.403523464058362,0.33446830227835,0.805555555555556,2.86111111111111,1.52777777777778,1.16666666666667,0.714285714285714,0,1
"25","179","Kenealy (1988)","Validation of a music mood induction procedure: Some preliminary findings",1988,1,"yes","yes","no","no","between","pvn","25_p_exh","25_n_exh","double",-0.403523464058362,0.33446830227835,0.680555555555556,5.39236111111111,0.184027777777778,1.41666666666667,0.714285714285714,0,1
"25","180","Kenealy (1988)","Validation of a music mood induction procedure: Some preliminary findings",1988,1,"yes","yes","no","no","between","nvc","25_n_exh","N/A","single",0.403523464058362,0.33446830227835,-0.125,2.53125,-1.34375,0.25,0.714285714285714,0,1
"25","181","Kenealy (1988)","Validation of a music mood induction procedure: Some preliminary findings",1988,1,"yes","yes","no","no","between","cvp","25_p_sad","N/A","single",-0.403523464058362,0.33446830227835,0.588235294117647,2.64705882352941,1.85294117647059,1.11764705882353,0.714285714285714,0,1
"25","182","Kenealy (1988)","Validation of a music mood induction procedure: Some preliminary findings",1988,1,"yes","yes","no","no","between","pvn","25_p_sad","25_n_sad","double",-0.403523464058362,0.33446830227835,0.691683569979716,5.40567951318458,1.473630831643,1.70385395537525,0.714285714285714,0,1
"25","183","Kenealy (1988)","Validation of a music mood induction procedure: Some preliminary findings",1988,1,"yes","yes","no","no","between","nvc","25_n_sad","N/A","single",0.403523464058362,0.33446830227835,0.103448275862069,2.75862068965517,-0.379310344827586,0.586206896551724,0.714285714285714,0,1
"25","184","Kenealy (1988)","Validation of a music mood induction procedure: Some preliminary findings",1988,1,"yes","yes","no","no","between","cvp","25_p_des","N/A","single",0.403523464058362,0.33446830227835,0.628571428571429,2.58823529411765,1.62857142857143,1,0.714285714285714,0,1
"25","185","Kenealy (1988)","Validation of a music mood induction procedure: Some preliminary findings",1988,1,"yes","yes","no","no","between","pvn","25_p_des","25_n_des","double",-0.403523464058362,0.33446830227835,0.895238095238095,5.25490196078431,1.32857142857143,1.76666666666667,0.714285714285714,0,1
"25","186","Kenealy (1988)","Validation of a music mood induction procedure: Some preliminary findings",1988,1,"yes","yes","no","no","between","nvc","25_n_des","N/A","single",-0.403523464058362,0.33446830227835,0.266666666666667,2.66666666666667,-0.3,0.766666666666667,0.714285714285714,0,1
"25","187","Kenealy (1988)","Validation of a music mood induction procedure: Some preliminary findings",1988,1,"yes","yes","no","no","between","cvp","25_p_dep","N/A","single",-0.403523464058362,0.33446830227835,0.96969696969697,2.75757575757576,1.45454545454545,1.36363636363636,0.714285714285714,0,1
"25","188","Kenealy (1988)","Validation of a music mood induction procedure: Some preliminary findings",1988,1,"yes","yes","no","no","between","pvn","25_p_dep","25_n_dep","double",0.403523464058362,0.33446830227835,0.787878787878788,5.27272727272727,0.636363636363636,1.66666666666667,0.714285714285714,0,1
"25","189","Kenealy (1988)","Validation of a music mood induction procedure: Some preliminary findings",1988,1,"yes","yes","no","no","between","nvc","25_n_dep","N/A","single",0.403523464058362,0.33446830227835,-0.181818181818182,2.51515151515152,-0.818181818181818,0.303030303030303,0.714285714285714,0,1
"26","190","Smith et al. (1986)","The influence of color and demand characteristics on muscle strength and affective ratings of the environment",1986,1,"yes","yes","no","no","between","pvn","26_p_gri","26_n_gri","double",0.778926973495828,0.140765825138652,-0.170362903225806,4.04133064516129,-1.78629032258065,0.632056451612903,0.714285714285714,0,1
"26","191","Smith et al. (1986)","The influence of color and demand characteristics on muscle strength and affective ratings of the environment",1986,1,"yes","yes","no","no","between","pvn","26_p_gri","26_n_gri","double",-0.997301852187666,0.142800370557731,-0.170362903225806,4.04133064516129,-1.78629032258065,0.632056451612903,0.714285714285714,0,1
"27","192","Siegel & Hagen (1982)","The influence of demand characteristics and expectancies in the measurement of salivary response",1982,1,"yes","yes","no","no","between","pvn","27_p_sal","27_n_sal","double",0.216835753231015,0.106880733411217,0.555555555555556,2.2996632996633,1.67003367003367,1.26936026936027,0.857142857142857,0,1
"28","193","Lamberth & Byrne (1971)","Similarity-attraction or demand characteristics?",1971,2,"yes","yes","no","no","between","cvp","28_p_sim","N/A","single",0.0117256464619114,0.202896810139762,0.705882352941177,2.64705882352941,0.970588235294118,1.35294117647059,0.857142857142857,0,1
"28","194","Lamberth & Byrne (1971)","Similarity-attraction or demand characteristics?",1971,2,"yes","yes","no","no","between","cvp","28_p_dis","N/A","single",0.285663391280986,0.205176644533501,-0.225806451612903,2.16129032258065,-0.32258064516129,0.258064516129032,0.857142857142857,0,1
"29","195","Polivy & Doyle (1980)","Laboratory induction of mood states through the reading of self-referent mood statements: Affective changes or demand characteristics?",1980,1,"yes","yes","no","no","between","nvc","29_n_dep","N/A","single",0.405687251280246,0.172011905042381,0.157894736842105,2.23684210526316,0.131578947368421,0.710526315789474,0.857142857142857,0,1
"29","196","Polivy & Doyle (1980)","Laboratory induction of mood states through the reading of self-referent mood statements: Affective changes or demand characteristics?",1980,1,"yes","yes","no","no","between","nvc","29_n_dep","N/A","single",0.628512577668092,0.177249312188647,0.157894736842105,2.23684210526316,0.131578947368421,0.710526315789474,0.857142857142857,0,1
"30","197","Earn (1977)","Experimental compensation, task interest and the cooperation with demand characteristics of volunteer and sign-up subjects",1977,1,"no","yes",NA,"no","between","cvp","30_p_puz","N/A","single",1.57822635510655,0.0260755770560397,0.0303030303030303,1.87878787878788,0.96969696969697,0.151515151515152,0.571428571428571,0,1
"31","198","Perry et al. (1978)","Demand awareness and participant willingness as determinants of aggressive response to film violence",1978,1,"yes","yes","no","no","between","pvn","31_p_sho","31_n_sho","double",0.603984208068294,0.0679862834654523,-0.237068965517241,5.36206896551724,-0.383620689655172,0.354166666666667,0.714285714285714,0,0.5
"31","199","Perry et al. (1978)","Demand awareness and participant willingness as determinants of aggressive response to film violence",1978,1,"yes","yes","no","no","between","cvp","31_p_sho","N/A","single",0.958219671872062,0.0725978502651749,-0.375,2.5,0.375,0.1875,0.714285714285714,0,0.5
"31","200","Perry et al. (1978)","Demand awareness and participant willingness as determinants of aggressive response to film violence",1978,1,"yes","yes","no","no","between","nvc","31_n_sho","N/A","single",-0.172974773333866,0.0651956447039024,0.137931034482759,2.86206896551724,-0.758620689655172,0.166666666666667,0.714285714285714,0,0.5
"32","201","McGinley et al. (1975)","Subject effects and demand characteristics",1975,1,"yes","yes","no","no","between","pvn","32_p_num","32_n_num","double",0.524830153299782,0.0507615641436045,0.91264367816092,4.26781609195402,-0.0126436781609195,1.01609195402299,0.857142857142857,0,1
"32","202","McGinley et al. (1975)","Subject effects and demand characteristics",1975,1,"yes","yes","no","no","between","cvp","32_p_num","N/A","single",0.782943343447216,0.0528712740763272,0.379310344827586,2.03448275862069,-0.379310344827586,0.482758620689655,0.857142857142857,0,1
"32","203","McGinley et al. (1975)","Subject effects and demand characteristics",1975,1,"yes","yes","no","no","between","nvc","32_n_num","N/A","single",-0.258113190147434,0.0494564124505758,0.533333333333333,2.23333333333333,0.366666666666667,0.533333333333333,0.857142857142857,0,1
"32","204","McGinley et al. (1975)","Subject effects and demand characteristics",1975,1,"yes","yes","no","no","between","pvn","32_p_num","32_n_num","double",0.515892900780097,0.050703431613996,0.91264367816092,4.26781609195402,-0.0126436781609195,1.01609195402299,0.857142857142857,0,1
"32","205","McGinley et al. (1975)","Subject effects and demand characteristics",1975,1,"yes","yes","no","no","between","cvp","32_p_num","N/A","single",0.470979871771007,0.0504264100798593,0.379310344827586,2.03448275862069,-0.379310344827586,0.482758620689655,0.857142857142857,0,1
"32","206","McGinley et al. (1975)","Subject effects and demand characteristics",1975,1,"yes","yes","no","no","between","nvc","32_n_num","N/A","single",0.0449130290090908,0.0490526297083676,0.533333333333333,2.23333333333333,0.366666666666667,0.533333333333333,0.857142857142857,0,1
"33","207","McGlynn et al. (1972)","Experimental desensitization of snake-avoidance after an instructional manipulation",1972,1,"yes","yes","no","no","between","cvp","33_p_beh","N/A","single",-0.30983948989524,0.204228787143415,0.942857142857143,1.8,0.428571428571429,0.8,0.714285714285714,0,1
"33","208","McGlynn et al. (1972)","Experimental desensitization of snake-avoidance after an instructional manipulation",1972,1,"yes","yes","no","no","between","cvp","33_p_beh","N/A","single",-0.30983948989524,0.204228787143415,0.942857142857143,1.8,0.428571428571429,0.8,0.714285714285714,0,1
"34","209","Standing et al. (2008, Study 1)","A demonstration of nonlinear demand characteristics in the 'Mozart Effect' experimental paradigm",2008,1,"yes","yes","no","no","between","pvn","34_p_spa","34_n_spa","double",-0.0269107701816427,0.0960750143886068,0.291666666666667,3.57291666666667,0.583333333333333,0.739583333333333,0.857142857142857,0,1
"34","210","Standing et al. (2008, Study 1)","A demonstration of nonlinear demand characteristics in the 'Mozart Effect' experimental paradigm",2008,1,"yes","yes","no","no","between","cvp","34_p_spa","N/A","single",-0.377329449126153,0.0978456809339328,0.625,1.78125,0.75,0.53125,0.857142857142857,0,1
"34","211","Standing et al. (2008, Study 1)","A demonstration of nonlinear demand characteristics in the 'Mozart Effect' experimental paradigm",2008,1,"yes","yes","no","no","between","nvc","34_n_spa","N/A","single",0.356855294884322,0.0976577832877969,-0.333333333333333,1.79166666666667,-0.166666666666667,0.208333333333333,0.857142857142857,0,1
"34","212","Standing et al. (2008, Study 1)","A demonstration of nonlinear demand characteristics in the 'Mozart Effect' experimental paradigm",2008,1,"yes","yes","no","no","between","pvn","34_p_ver","34_n_ver","double",-0.0438283836178753,0.0960899736093416,0.5,4.13888888888889,0.420634920634921,0.98015873015873,0.857142857142857,0,1
"34","213","Standing et al. (2008, Study 1)","A demonstration of nonlinear demand characteristics in the 'Mozart Effect' experimental paradigm",2008,1,"yes","yes","no","no","between","cvp","34_p_ver","N/A","single",-0.062172699655465,0.0961142800764903,0.5,1.80555555555556,0.611111111111111,0.694444444444444,0.857142857142857,0,1
"34","214","Standing et al. (2008, Study 1)","A demonstration of nonlinear demand characteristics in the 'Mozart Effect' experimental paradigm",2008,1,"yes","yes","no","no","between","nvc","34_n_ver","N/A","single",0.0189201673904747,0.0960704366783857,0,2.33333333333333,-0.19047619047619,0.285714285714286,0.857142857142857,0,1
"35","215","Standing et al. (2008, Study 2)","A demonstration of nonlinear demand characteristics in the 'Mozart Effect' experimental paradigm",2008,2,"yes","mix","no","no","between","pvn","35_p_pus","35_n_pus","double",-0.0665762202091793,0.0961213669329265,-0.34375,3.78125,-2.63235294117647,0.251838235294118,0.857142857142857,0,0.75
"35","216","Standing et al. (2008, Study 2)","A demonstration of nonlinear demand characteristics in the 'Mozart Effect' experimental paradigm",2008,2,"yes","mix","no","no","between","cvp","35_p_pus","N/A","single",-0.555682340875121,0.0999257478187154,0.15625,1.78125,-1.25,0.28125,0.857142857142857,0,0.75
"35","217","Standing et al. (2008, Study 2)","A demonstration of nonlinear demand characteristics in the 'Mozart Effect' experimental paradigm",2008,2,"yes","mix","no","no","between","nvc","35_n_pus","N/A","single",0.480497515861314,0.0989519353035709,-0.5,2,-1.38235294117647,-0.0294117647058824,0.857142857142857,0,0.75
"36","218","Verpaelst & Standing (2007)","Demand characteristics of music affect performance on the Wonderlic Personnel Test of Intelligence.",2007,1,"yes","yes","no","no","between","pvn","36_p_won","36_n_won","double",0.593298052095233,0.0678796639239866,0.516129032258065,3.74193548387097,0.52073732718894,0.709677419354839,0.714285714285714,0,1
"37","219","Lana & Menapace (1971)","Subject commitment and demand characteristics in attitude change",1971,1,"yes","no","no","no","between","cvp","37_p_att","N/A","single",-0.855018610545937,0.14771114459732,0.606060606060606,2.72727272727273,1.33333333333333,1,0.857142857142857,0,0.666666666666667
"38","220","Schauer (1969)","Demand characteristics in a quasi-psychophysical experiment",1969,1,"no","yes","no","no","between","pvn","38_p_err","38_n_err","double",-0.309206183020231,0.0443824146313951,0.852903225806452,4.07333333333333,1.24645161290323,1.65677419354839,0.714285714285714,0,0.75
"39","221","Cramer (2004)","Effect of the destructive disagreement belief on relationship satisfaction with a romantic partner or closest friend",2004,1,"yes","yes","no",NA,"between","cvp","39_p_sat","N/A","single",-0.196968934617488,0.0674568790669447,0,2.22222222222222,-0.592592592592593,0.333333333333333,0.857142857142857,0,1
"39","222","Cramer (2004)","Effect of the destructive disagreement belief on relationship satisfaction with a romantic partner or closest friend",2004,1,"yes","yes","no",NA,"between","nvc","39_n_sat","N/A","single",0.197590376896065,0.063287024680704,-0.115384615384615,2.5,-0.807692307692308,0.384615384615385,0.857142857142857,0,1
"40","223","Larsen & McGraw (2011)","Further evidence for mixed emotions",2011,5,"yes","yes","no","no","between","nvc","N/A","N/A","single",-0.378041316914234,0.0876493101535574,0,0,0,0,1,0,1
"44","224","Tsai et al. (2018)","(Un)great expectations: The role of placebo effects in cognitive training",2018,1,"yes","yes","no",NA,"within","cvp","N/A","N/A","single",0.664939005427123,0.0374039988034992,0,0,0,0,0.857142857142857,0,0.5
"44","225","Tsai et al. (2018)","(Un)great expectations: The role of placebo effects in cognitive training",2018,1,"yes","yes","no",NA,"within","cvz","N/A","N/A","single",-0.541071008234276,0.0361752217978119,0,0,0,0,0.857142857142857,0,0.5
"44","226","Tsai et al. (2018)","(Un)great expectations: The role of placebo effects in cognitive training",2018,1,"yes","yes","no",NA,"within","cvp","N/A","N/A","single",0.175932411149473,0.0340948709643651,0,0,0,0,0.857142857142857,0,0.5
"44","227","Tsai et al. (2018)","(Un)great expectations: The role of placebo effects in cognitive training",2018,1,"yes","yes","no",NA,"within","cvp","N/A","N/A","single",0.183903159444301,0.0341443219774811,0,0,0,0,0.857142857142857,0,0.5
"44","228","Tsai et al. (2018)","(Un)great expectations: The role of placebo effects in cognitive training",2018,1,"yes","yes","no",NA,"within","cvz","N/A","N/A","single",-0.191059624964586,0.0330815508892701,0,0,0,0,0.857142857142857,0,0.5
"44","229","Tsai et al. (2018)","(Un)great expectations: The role of placebo effects in cognitive training",2018,1,"yes","yes","no",NA,"within","cvz","N/A","N/A","single",0.1637458287051,0.0329200328247153,0,0,0,0,0.857142857142857,0,0.5
"44","230","Tsai et al. (2018)","(Un)great expectations: The role of placebo effects in cognitive training",2018,1,"yes","yes","no",NA,"between","pvz","N/A","N/A","double",-0.147842478681349,0.0621231152062359,0,0,0,0,0.857142857142857,0,0.5
"44","231","Tsai et al. (2018)","(Un)great expectations: The role of placebo effects in cognitive training",2018,1,"yes","yes","no",NA,"between","pvz","N/A","N/A","double",-0.326905530658759,0.0669410952749196,0,0,0,0,0.857142857142857,0,0.5
"44","232","Tsai et al. (2018)","(Un)great expectations: The role of placebo effects in cognitive training",2018,1,"yes","yes","no",NA,"between","pvz","N/A","N/A","double",0.109367654737116,0.0661368076302367,0,0,0,0,0.857142857142857,0,0.5
"45","233","Coles et al. (2023)","Coles, Wyatt, and Frank replication of Coles et al. 2022",2023,1,"no","yes","no","yes","between","pvz","12_p_hap","12_z_hap","double",0.321281486956705,0.0207257896844796,0.94949494949495,4.95286195286195,0.814814814814815,1.74410774410774,0,0,1
"45","234","Coles et al. (2023)","Coles, Wyatt, and Frank replication of Coles et al. 2022",2023,1,"no","yes","no","yes","between","pvz","12_p_hap","12_z_hap","double",0.296869079984523,0.0206868965318758,0.94949494949495,4.95286195286195,0.814814814814815,1.74410774410774,0,0,1
"46","235","Fresson et al. (2017)","The role of self-transcendence and cognitive processes in the response expectancy effect",2017,1,"yes",NA,NA,"no","within","nvc","N/A","N/A","single",NA,NA,0,0,0,0,0.571428571428571,0,1
"46","236","Fresson et al. (2017)","The role of self-transcendence and cognitive processes in the response expectancy effect",2017,1,"yes",NA,NA,"no","within","cvp","N/A","N/A","single",NA,NA,0,0,0,0,0.571428571428571,0,1
"47","237","Balze (1999)","The role of expectancy in treatment efficacy: The use of a therapeutic ""frame"" to enhance performance",1998,1,"no","yes","no","no","between","cvp","N/A","N/A","single",0.118865960279622,0.0309335400624318,0,0,0,0,0.571428571428571,0,1
"48","238","Palomba & Stegagno (1995)","Dissociation between actual and expected cardiac
changes: Interoception and emotional experience",1995,1,"yes",NA,NA,"no","between","pvn","N/A","N/A","double",0.222207855765077,0.106913491567946,0,0,0,0,0.142857142857143,0,1
"48","239","Palomba & Stegagno (1995)","Dissociation between actual and expected cardiac
changes: Interoception and emotional experience",1995,1,"yes",NA,NA,"no","between","pvn","N/A","N/A","double",0.222207855765077,0.106913491567946,0,0,0,0,0.142857142857143,0,1
"48","240","Palomba & Stegagno (1995)","Dissociation between actual and expected cardiac
changes: Interoception and emotional experience",1995,1,"yes",NA,NA,"no","between","cvp","N/A","N/A","single",0.222207855765077,0.106913491567946,0,0,0,0,0.142857142857143,0,1
"48","241","Palomba & Stegagno (1995)","Dissociation between actual and expected cardiac
changes: Interoception and emotional experience",1995,1,"yes",NA,NA,"no","between","cvp","N/A","N/A","single",0.222207855765077,0.106913491567946,0,0,0,0,0.142857142857143,0,1
"48","242","Palomba & Stegagno (1995)","Dissociation between actual and expected cardiac
changes: Interoception and emotional experience",1995,1,"yes",NA,NA,"no","between","nvc","N/A","N/A","single",-0.222207855765077,0.106913491567946,0,0,0,0,0.142857142857143,0,1
"48","243","Palomba & Stegagno (1995)","Dissociation between actual and expected cardiac
changes: Interoception and emotional experience",1995,1,"yes",NA,NA,"no","between","nvc","N/A","N/A","single",0.222207855765077,0.106913491567946,0,0,0,0,0.142857142857143,0,1
"48","244","Palomba & Stegagno (1995)","Dissociation between actual and expected cardiac
changes: Interoception and emotional experience",1995,1,"yes",NA,NA,"no","between","pvn","N/A","N/A","double",-0.222207855765077,0.106913491567946,0,0,0,0,0.142857142857143,0,1
"48","245","Palomba & Stegagno (1995)","Dissociation between actual and expected cardiac
changes: Interoception and emotional experience",1995,1,"yes",NA,NA,"no","between","pvn","N/A","N/A","double",0.222207855765077,0.106913491567946,0,0,0,0,0.142857142857143,0,1
"48","246","Palomba & Stegagno (1995)","Dissociation between actual and expected cardiac
changes: Interoception and emotional experience",1995,1,"yes",NA,NA,"no","between","cvp","N/A","N/A","single",-0.222207855765077,0.106913491567946,0,0,0,0,0.142857142857143,0,1
"48","247","Palomba & Stegagno (1995)","Dissociation between actual and expected cardiac
changes: Interoception and emotional experience",1995,1,"yes",NA,NA,"no","between","cvp","N/A","N/A","single",-0.222207855765077,0.106913491567946,0,0,0,0,0.142857142857143,0,1
"48","248","Palomba & Stegagno (1995)","Dissociation between actual and expected cardiac
changes: Interoception and emotional experience",1995,1,"yes",NA,NA,"no","between","nvc","N/A","N/A","single",0.222207855765077,0.106913491567946,0,0,0,0,0.142857142857143,0,1
"48","249","Palomba & Stegagno (1995)","Dissociation between actual and expected cardiac
changes: Interoception and emotional experience",1995,1,"yes",NA,NA,"no","between","nvc","N/A","N/A","single",0.222207855765077,0.106913491567946,0,0,0,0,0.142857142857143,0,1
"48","250","Palomba & Stegagno (1995)","Dissociation between actual and expected cardiac
changes: Interoception and emotional experience",1995,1,"yes",NA,NA,"no","between","pvn","N/A","N/A","double",0.222207855765077,0.106913491567946,0,0,0,0,0.142857142857143,0,1
"48","251","Palomba & Stegagno (1995)","Dissociation between actual and expected cardiac
changes: Interoception and emotional experience",1995,1,"yes",NA,NA,"no","between","pvn","N/A","N/A","double",0.222207855765077,0.106913491567946,0,0,0,0,0.142857142857143,0,1
"48","252","Palomba & Stegagno (1995)","Dissociation between actual and expected cardiac
changes: Interoception and emotional experience",1995,1,"yes",NA,NA,"no","between","cvp","N/A","N/A","single",0.222207855765077,0.106913491567946,0,0,0,0,0.142857142857143,0,1
"48","253","Palomba & Stegagno (1995)","Dissociation between actual and expected cardiac
changes: Interoception and emotional experience",1995,1,"yes",NA,NA,"no","between","cvp","N/A","N/A","single",-0.222207855765077,0.106913491567946,0,0,0,0,0.142857142857143,0,1
"48","254","Palomba & Stegagno (1995)","Dissociation between actual and expected cardiac
changes: Interoception and emotional experience",1995,1,"yes",NA,NA,"no","between","nvc","N/A","N/A","single",-0.222207855765077,0.106913491567946,0,0,0,0,0.142857142857143,0,1
"48","255","Palomba & Stegagno (1995)","Dissociation between actual and expected cardiac
changes: Interoception and emotional experience",1995,1,"yes",NA,NA,"no","between","nvc","N/A","N/A","single",0.222207855765077,0.106913491567946,0,0,0,0,0.142857142857143,0,1
"48","256","Palomba & Stegagno (1995)","Dissociation between actual and expected cardiac
changes: Interoception and emotional experience",1995,1,"yes",NA,NA,"no","between","pvn","N/A","N/A","double",0.222207855765077,0.106913491567946,0,0,0,0,0.142857142857143,0,1
"48","257","Palomba & Stegagno (1995)","Dissociation between actual and expected cardiac
changes: Interoception and emotional experience",1995,1,"yes",NA,NA,"no","between","pvn","N/A","N/A","double",0.222207855765077,0.106913491567946,0,0,0,0,0.142857142857143,0,1
"48","258","Palomba & Stegagno (1995)","Dissociation between actual and expected cardiac
changes: Interoception and emotional experience",1995,1,"yes",NA,NA,"no","between","cvp","N/A","N/A","single",0.222207855765077,0.106913491567946,0,0,0,0,0.142857142857143,0,1
"48","259","Palomba & Stegagno (1995)","Dissociation between actual and expected cardiac
changes: Interoception and emotional experience",1995,1,"yes",NA,NA,"no","between","cvp","N/A","N/A","single",0.222207855765077,0.106913491567946,0,0,0,0,0.142857142857143,0,1
"48","260","Palomba & Stegagno (1995)","Dissociation between actual and expected cardiac
changes: Interoception and emotional experience",1995,1,"yes",NA,NA,"no","between","nvc","N/A","N/A","single",-0.222207855765077,0.106913491567946,0,0,0,0,0.142857142857143,0,1
"48","261","Palomba & Stegagno (1995)","Dissociation between actual and expected cardiac
changes: Interoception and emotional experience",1995,1,"yes",NA,NA,"no","between","nvc","N/A","N/A","single",0.222207855765077,0.106913491567946,0,0,0,0,0.142857142857143,0,1
"48","262","Palomba & Stegagno (1995)","Dissociation between actual and expected cardiac
changes: Interoception and emotional experience",1995,1,"yes",NA,NA,"no","between","pvn","N/A","N/A","double",0.222207855765077,0.106913491567946,0,0,0,0,0.142857142857143,0,1
"48","263","Palomba & Stegagno (1995)","Dissociation between actual and expected cardiac
changes: Interoception and emotional experience",1995,1,"yes",NA,NA,"no","between","pvn","N/A","N/A","double",-0.222207855765077,0.106913491567946,0,0,0,0,0.142857142857143,0,1
"48","264","Palomba & Stegagno (1995)","Dissociation between actual and expected cardiac
changes: Interoception and emotional experience",1995,1,"yes",NA,NA,"no","between","cvp","N/A","N/A","single",0.222207855765077,0.106913491567946,0,0,0,0,0.142857142857143,0,1
"48","265","Palomba & Stegagno (1995)","Dissociation between actual and expected cardiac
changes: Interoception and emotional experience",1995,1,"yes",NA,NA,"no","between","cvp","N/A","N/A","single",-0.222207855765077,0.106913491567946,0,0,0,0,0.142857142857143,0,1
"48","266","Palomba & Stegagno (1995)","Dissociation between actual and expected cardiac
changes: Interoception and emotional experience",1995,1,"yes",NA,NA,"no","between","nvc","N/A","N/A","single",-0.222207855765077,0.106913491567946,0,0,0,0,0.142857142857143,0,1
"48","267","Palomba & Stegagno (1995)","Dissociation between actual and expected cardiac
changes: Interoception and emotional experience",1995,1,"yes",NA,NA,"no","between","nvc","N/A","N/A","single",0.222207855765077,0.106913491567946,0,0,0,0,0.142857142857143,0,1
"48","268","Palomba & Stegagno (1995)","Dissociation between actual and expected cardiac
changes: Interoception and emotional experience",1995,1,"yes",NA,NA,"no","between","pvn","N/A","N/A","double",0.222207855765077,0.106913491567946,0,0,0,0,0.142857142857143,0,1
"48","269","Palomba & Stegagno (1995)","Dissociation between actual and expected cardiac
changes: Interoception and emotional experience",1995,1,"yes",NA,NA,"no","between","pvn","N/A","N/A","double",0.222207855765077,0.106913491567946,0,0,0,0,0.142857142857143,0,1
"48","270","Palomba & Stegagno (1995)","Dissociation between actual and expected cardiac
changes: Interoception and emotional experience",1995,1,"yes",NA,NA,"no","between","cvp","N/A","N/A","single",0.222207855765077,0.106913491567946,0,0,0,0,0.142857142857143,0,1
"48","271","Palomba & Stegagno (1995)","Dissociation between actual and expected cardiac
changes: Interoception and emotional experience",1995,1,"yes",NA,NA,"no","between","cvp","N/A","N/A","single",-0.222207855765077,0.106913491567946,0,0,0,0,0.142857142857143,0,1
"48","272","Palomba & Stegagno (1995)","Dissociation between actual and expected cardiac
changes: Interoception and emotional experience",1995,1,"yes",NA,NA,"no","between","nvc","N/A","N/A","single",0.222207855765077,0.106913491567946,0,0,0,0,0.142857142857143,0,1
"48","273","Palomba & Stegagno (1995)","Dissociation between actual and expected cardiac
changes: Interoception and emotional experience",1995,1,"yes",NA,NA,"no","between","nvc","N/A","N/A","single",0.222207855765077,0.106913491567946,0,0,0,0,0.142857142857143,0,1
"49","274","Coles et al. (2024; Study 1)","Unpublished conceptual replication of Berry, 1967",2024,1,"no","no","yes","yes","within","cvp","N/A","N/A","single",-0.097576304494011,0.0125968726221088,0,0,0,0,0,0,1
"50","275","Coles et al. (2024; Study 2)","Unpublished conceptual replication of Berry, 1967",2024,2,"no","yes","no","yes","within","cvp","N/A","N/A","single",-0.223725465297766,0.114863854929002,0,0,0,0,0,0,1
"51","276","Coles et al. (2024; Study 3)","Unpublished conceptual replication of Berry, 1967",2024,3,"no","yes","yes","yes","within","cvp","N/A","N/A","single",-0.150201622105411,0.01449653715918,0,0,0,0,0,0,1
"52","277","Coles et al. (2024; Study 4)","Unpublished conceptual replication of Berry, 1967",2024,4,"no","yes","no","yes","within","cvp","N/A","N/A","single",-0.0827430999910359,0.0272787070626917,0,0,0,0,0,0,1
"53","278","Coles et al. (2024; Study 5)","Unpublished conceptual replication of Berry, 1967",2024,5,"no","yes","no","yes","within","cvp","N/A","N/A","single",0.0692848053817531,0.0127265114093247,0,0,0,0,0,0,1
"54","279","Coles et al. (2024; Study 6)","Unpublished conceptual replication of Berry, 1967",2024,6,"no","no","yes","yes","within","cvp","N/A","N/A","single",0.411086205690104,0.0109874386036911,0,0,0,0,0,0,1
"55","280","Zoble & Lehman (1969; Study 1)","Interaction of subject and experimenter expectancy effects in a tone length discrimination task",1969,1,"yes","yes",NA,"no","between","cvp","N/A","N/A","single",1.55687962569055,0.336971125251872,0,0,0,0,0.571428571428571,0,1
