"sub","demand","trial","block.num","happy","att.chk","awr","mot","pre","bel","opp","mot_gen","indiv_gend_var","indiv_agee_var","ethnicity","pos_awr","pos_mot","pos_pre","pos_bel","pos_opp","nil_awr","nil_mot","nil_pre","nil_bel","nil_opp"
"1","pos","hap","1",3,1,"1",1,1,1,2,1,"1",19,"4",NA,NA,NA,NA,NA,NA,NA,NA,NA,NA
"1","pos","neu","1",3,1,"1",1,1,1,2,1,"1",19,"4",NA,NA,NA,NA,NA,NA,NA,NA,NA,NA
"1","pos","hap","2",3,1,"1",1,1,1,2,1,"1",19,"4",NA,NA,NA,NA,NA,NA,NA,NA,NA,NA
"1","pos","neu","2",3,1,"1",1,1,1,2,1,"1",19,"4",NA,NA,NA,NA,NA,NA,NA,NA,NA,NA
"2","nil","hap","1",0.666666666666667,1,"2",0,0,0,3,0,"1",18,"1",NA,NA,NA,NA,NA,NA,NA,NA,NA,NA
"2","nil","neu","1",0.666666666666667,1,"2",0,0,0,3,0,"1",18,"1",NA,NA,NA,NA,NA,NA,NA,NA,NA,NA
"2","nil","hap","2",1.33333333333333,1,"2",0,0,0,3,0,"1",18,"1",NA,NA,NA,NA,NA,NA,NA,NA,NA,NA
"2","nil","neu","2",0.666666666666667,1,"2",0,0,0,3,0,"1",18,"1",NA,NA,NA,NA,NA,NA,NA,NA,NA,NA
"3","pos","hap","1",1,1,"1",1,2,3,2,0,"2",20,"1",NA,NA,NA,NA,NA,1,0,1,3,3
"3","pos","neu","1",0,1,"1",1,2,3,2,0,"2",20,"1",NA,NA,NA,NA,NA,1,0,1,3,3
"3","pos","hap","2",0.666666666666667,1,"1",1,2,3,2,0,"2",20,"1",NA,NA,NA,NA,NA,1,0,1,3,3
"3","pos","neu","2",0.333333333333333,1,"1",1,2,3,2,0,"2",20,"1",NA,NA,NA,NA,NA,1,0,1,3,3
"4","nil","hap","1",2.66666666666667,1,"1",3,2,0,2,2,"2",19,"2",NA,NA,NA,NA,NA,NA,NA,NA,NA,NA
"4","nil","neu","1",0,1,"1",3,2,0,2,2,"2",19,"2",NA,NA,NA,NA,NA,NA,NA,NA,NA,NA
"4","nil","hap","2",0.666666666666667,1,"1",3,2,0,2,2,"2",19,"2",NA,NA,NA,NA,NA,NA,NA,NA,NA,NA
"4","nil","neu","2",0,1,"1",3,2,0,2,2,"2",19,"2",NA,NA,NA,NA,NA,NA,NA,NA,NA,NA
"5","nil","hap","1",0,1,"2",0,0,-2,0,0,"2",22,"1",NA,NA,NA,NA,NA,NA,NA,NA,NA,NA
"5","nil","neu","1",0,1,"2",0,0,-2,0,0,"2",22,"1",NA,NA,NA,NA,NA,NA,NA,NA,NA,NA
"5","nil","hap","2",0,1,"2",0,0,-2,0,0,"2",22,"1",NA,NA,NA,NA,NA,NA,NA,NA,NA,NA
"5","nil","neu","2",0,1,"2",0,0,-2,0,0,"2",22,"1",NA,NA,NA,NA,NA,NA,NA,NA,NA,NA
"6","pos","hap","1",1.66666666666667,1,"1",0,2,1,3,0,"1",21,"1",NA,NA,NA,NA,NA,NA,NA,NA,NA,NA
"6","pos","neu","1",0.666666666666667,1,"1",0,2,1,3,0,"1",21,"1",NA,NA,NA,NA,NA,NA,NA,NA,NA,NA
"6","pos","hap","2",1.33333333333333,1,"1",0,2,1,3,0,"1",21,"1",NA,NA,NA,NA,NA,NA,NA,NA,NA,NA
"6","pos","neu","2",1,1,"1",0,2,1,3,0,"1",21,"1",NA,NA,NA,NA,NA,NA,NA,NA,NA,NA
"7","pos","hap","1",3.66666666666667,1,"1",3,3,0,4,0,"1",20,"2",NA,NA,NA,NA,NA,NA,NA,NA,NA,NA
"7","pos","neu","1",0,1,"1",3,3,0,4,0,"1",20,"2",NA,NA,NA,NA,NA,NA,NA,NA,NA,NA
"7","pos","hap","2",2,1,"1",3,3,0,4,0,"1",20,"2",NA,NA,NA,NA,NA,NA,NA,NA,NA,NA
"7","pos","neu","2",0,1,"1",3,3,0,4,0,"1",20,"2",NA,NA,NA,NA,NA,NA,NA,NA,NA,NA
"8","nil","hap","1",1,1,"2",2,3,3,4,0,"1",20,"6",NA,NA,NA,NA,NA,NA,NA,NA,NA,NA
"8","nil","neu","1",0,1,"2",2,3,3,4,0,"1",20,"6",NA,NA,NA,NA,NA,NA,NA,NA,NA,NA
"8","nil","hap","2",0,1,"2",2,3,3,4,0,"1",20,"6",NA,NA,NA,NA,NA,NA,NA,NA,NA,NA
"8","nil","neu","2",0,1,"2",2,3,3,4,0,"1",20,"6",NA,NA,NA,NA,NA,NA,NA,NA,NA,NA
"9","nil","hap","1",0,1,"2",0,0,-3,4,0,"1",21,"1",NA,NA,NA,NA,NA,NA,NA,NA,NA,NA
"9","nil","neu","1",0,1,"2",0,0,-3,4,0,"1",21,"1",NA,NA,NA,NA,NA,NA,NA,NA,NA,NA
"9","nil","hap","2",0,1,"2",0,0,-3,4,0,"1",21,"1",NA,NA,NA,NA,NA,NA,NA,NA,NA,NA
"9","nil","neu","2",0,1,"2",0,0,-3,4,0,"1",21,"1",NA,NA,NA,NA,NA,NA,NA,NA,NA,NA
"10","pos","hap","1",1.33333333333333,1,"1",0,1,1,2,0,"1",18,"1",NA,NA,NA,NA,NA,1,1,0,1,2
"10","pos","neu","1",1.33333333333333,1,"1",0,1,1,2,0,"1",18,"1",NA,NA,NA,NA,NA,1,1,0,1,2
"10","pos","hap","2",1.33333333333333,1,"1",0,1,1,2,0,"1",18,"1",NA,NA,NA,NA,NA,1,1,0,1,2
"10","pos","neu","2",2,1,"1",0,1,1,2,0,"1",18,"1",NA,NA,NA,NA,NA,1,1,0,1,2
"11","pos","hap","1",2.33333333333333,1,"1",0,1,0,4,0,"2",20,"6",NA,NA,NA,NA,NA,NA,NA,NA,NA,NA
"11","pos","neu","1",0,1,"1",0,1,0,4,0,"2",20,"6",NA,NA,NA,NA,NA,NA,NA,NA,NA,NA
"11","pos","hap","2",1.33333333333333,1,"1",0,1,0,4,0,"2",20,"6",NA,NA,NA,NA,NA,NA,NA,NA,NA,NA
"11","pos","neu","2",0,1,"1",0,1,0,4,0,"2",20,"6",NA,NA,NA,NA,NA,NA,NA,NA,NA,NA
"12","nil","hap","1",0.333333333333333,1,"2",-3,2,-2,1,0,"1",19,"1,6",NA,NA,NA,NA,NA,NA,NA,NA,NA,NA
"12","nil","neu","1",0,1,"2",-3,2,-2,1,0,"1",19,"1,6",NA,NA,NA,NA,NA,NA,NA,NA,NA,NA
"12","nil","hap","2",0,1,"2",-3,2,-2,1,0,"1",19,"1,6",NA,NA,NA,NA,NA,NA,NA,NA,NA,NA
"12","nil","neu","2",0,1,"2",-3,2,-2,1,0,"1",19,"1,6",NA,NA,NA,NA,NA,NA,NA,NA,NA,NA
"13","nil","hap","1",1,1,"2",0,1,-1,1,0,"2",21,"4",NA,NA,NA,NA,NA,NA,NA,NA,NA,NA
"13","nil","neu","1",0,1,"2",0,1,-1,1,0,"2",21,"4",NA,NA,NA,NA,NA,NA,NA,NA,NA,NA
"13","nil","hap","2",1,1,"2",0,1,-1,1,0,"2",21,"4",NA,NA,NA,NA,NA,NA,NA,NA,NA,NA
"13","nil","neu","2",0,1,"2",0,1,-1,1,0,"2",21,"4",NA,NA,NA,NA,NA,NA,NA,NA,NA,NA
"14","pos","hap","1",0,1,"1",0,1,0,2,0,"1",18,"6",NA,NA,NA,NA,NA,NA,NA,NA,NA,NA
"14","pos","neu","1",1.33333333333333,1,"1",0,1,0,2,0,"1",18,"6",NA,NA,NA,NA,NA,NA,NA,NA,NA,NA
"14","pos","hap","2",1,1,"1",0,1,0,2,0,"1",18,"6",NA,NA,NA,NA,NA,NA,NA,NA,NA,NA
"14","pos","neu","2",0,1,"1",0,1,0,2,0,"1",18,"6",NA,NA,NA,NA,NA,NA,NA,NA,NA,NA
"15","nil","hap","1",1.33333333333333,1,"2",0,-1,-1,1,0,"1",26,"1,2",NA,NA,NA,NA,NA,NA,NA,NA,NA,NA
"15","nil","neu","1",0,1,"2",0,-1,-1,1,0,"1",26,"1,2",NA,NA,NA,NA,NA,NA,NA,NA,NA,NA
"15","nil","hap","2",0.666666666666667,1,"2",0,-1,-1,1,0,"1",26,"1,2",NA,NA,NA,NA,NA,NA,NA,NA,NA,NA
"15","nil","neu","2",0,1,"2",0,-1,-1,1,0,"1",26,"1,2",NA,NA,NA,NA,NA,NA,NA,NA,NA,NA
"16","pos","hap","1",1,1,"1",0,2,-1,2,1,"2",19,"4",NA,NA,NA,NA,NA,NA,NA,NA,NA,NA
"16","pos","neu","1",0,1,"1",0,2,-1,2,1,"2",19,"4",NA,NA,NA,NA,NA,NA,NA,NA,NA,NA
"16","pos","hap","2",2,1,"1",0,2,-1,2,1,"2",19,"4",NA,NA,NA,NA,NA,NA,NA,NA,NA,NA
"16","pos","neu","2",0,1,"1",0,2,-1,2,1,"2",19,"4",NA,NA,NA,NA,NA,NA,NA,NA,NA,NA
"17","nil","hap","1",0.666666666666667,1,"2",0,1,1,3,0,"1",21,"4",NA,NA,NA,NA,NA,NA,NA,NA,NA,NA
"17","nil","neu","1",0,1,"2",0,1,1,3,0,"1",21,"4",NA,NA,NA,NA,NA,NA,NA,NA,NA,NA
"17","nil","hap","2",0.333333333333333,1,"2",0,1,1,3,0,"1",21,"4",NA,NA,NA,NA,NA,NA,NA,NA,NA,NA
"17","nil","neu","2",0,1,"2",0,1,1,3,0,"1",21,"4",NA,NA,NA,NA,NA,NA,NA,NA,NA,NA
"18","pos","hap","1",1,1,"1",1,1,2,1,2,"1",21,"1",NA,NA,NA,NA,NA,NA,NA,NA,NA,NA
"18","pos","neu","1",0.333333333333333,1,"1",1,1,2,1,2,"1",21,"1",NA,NA,NA,NA,NA,NA,NA,NA,NA,NA
"18","pos","hap","2",1,1,"1",1,1,2,1,2,"1",21,"1",NA,NA,NA,NA,NA,NA,NA,NA,NA,NA
"18","pos","neu","2",0,1,"1",1,1,2,1,2,"1",21,"1",NA,NA,NA,NA,NA,NA,NA,NA,NA,NA
"19","pos","hap","1",0,1,"1",0,3,-3,4,0,"1",18,"4",NA,NA,NA,NA,NA,NA,NA,NA,NA,NA
"19","pos","neu","1",0,1,"1",0,3,-3,4,0,"1",18,"4",NA,NA,NA,NA,NA,NA,NA,NA,NA,NA
"19","pos","hap","2",0,1,"1",0,3,-3,4,0,"1",18,"4",NA,NA,NA,NA,NA,NA,NA,NA,NA,NA
"19","pos","neu","2",0,1,"1",0,3,-3,4,0,"1",18,"4",NA,NA,NA,NA,NA,NA,NA,NA,NA,NA
"20","nil","hap","1",1,1,"2",-2,1,1,3,2,"1",19,"6",NA,NA,NA,NA,NA,NA,NA,NA,NA,NA
"20","nil","neu","1",0.666666666666667,1,"2",-2,1,1,3,2,"1",19,"6",NA,NA,NA,NA,NA,NA,NA,NA,NA,NA
"20","nil","hap","2",0.666666666666667,1,"2",-2,1,1,3,2,"1",19,"6",NA,NA,NA,NA,NA,NA,NA,NA,NA,NA
"20","nil","neu","2",0,1,"2",-2,1,1,3,2,"1",19,"6",NA,NA,NA,NA,NA,NA,NA,NA,NA,NA
"21","nil","hap","1",3,1,"2",0,1,0,2,0,"1",20,"1,4",NA,NA,NA,NA,NA,NA,NA,NA,NA,NA
"21","nil","neu","1",0,1,"2",0,1,0,2,0,"1",20,"1,4",NA,NA,NA,NA,NA,NA,NA,NA,NA,NA
"21","nil","hap","2",2,1,"2",0,1,0,2,0,"1",20,"1,4",NA,NA,NA,NA,NA,NA,NA,NA,NA,NA
"21","nil","neu","2",0,1,"2",0,1,0,2,0,"1",20,"1,4",NA,NA,NA,NA,NA,NA,NA,NA,NA,NA
"22","pos","hap","1",4.66666666666667,1,"1",3,2,3,3,0,"1",19,"1,4",NA,NA,NA,NA,NA,3,0,1,0,2
"22","pos","neu","1",0.666666666666667,1,"1",3,2,3,3,0,"1",19,"1,4",NA,NA,NA,NA,NA,3,0,1,0,2
"22","pos","hap","2",5,1,"1",3,2,3,3,0,"1",19,"1,4",NA,NA,NA,NA,NA,3,0,1,0,2
"22","pos","neu","2",0.666666666666667,1,"1",3,2,3,3,0,"1",19,"1,4",NA,NA,NA,NA,NA,3,0,1,0,2
"23","nil","hap","1",5,1,"2",3,0,3,4,3,"2",20,"4",NA,NA,NA,NA,NA,NA,NA,NA,NA,NA
"23","nil","neu","1",2.66666666666667,1,"2",3,0,3,4,3,"2",20,"4",NA,NA,NA,NA,NA,NA,NA,NA,NA,NA
"23","nil","hap","2",3.33333333333333,1,"2",3,0,3,4,3,"2",20,"4",NA,NA,NA,NA,NA,NA,NA,NA,NA,NA
"23","nil","neu","2",3.33333333333333,1,"2",3,0,3,4,3,"2",20,"4",NA,NA,NA,NA,NA,NA,NA,NA,NA,NA
"24","pos","hap","1",1.66666666666667,1,"2",1,0,0,3,0,"2",21,"4",NA,NA,NA,NA,NA,1,0,0,-1,0
"24","pos","neu","1",0.333333333333333,1,"2",1,0,0,3,0,"2",21,"4",NA,NA,NA,NA,NA,1,0,0,-1,0
"24","pos","hap","2",1,1,"2",1,0,0,3,0,"2",21,"4",NA,NA,NA,NA,NA,1,0,0,-1,0
"24","pos","neu","2",0,1,"2",1,0,0,3,0,"2",21,"4",NA,NA,NA,NA,NA,1,0,0,-1,0
"25","nil","hap","1",0,1,"2",0,1,1,1,0,"1",22,"4",NA,NA,NA,NA,NA,NA,NA,NA,NA,NA
"25","nil","neu","1",0,1,"2",0,1,1,1,0,"1",22,"4",NA,NA,NA,NA,NA,NA,NA,NA,NA,NA
"25","nil","hap","2",0,1,"2",0,1,1,1,0,"1",22,"4",NA,NA,NA,NA,NA,NA,NA,NA,NA,NA
"25","nil","neu","2",0,1,"2",0,1,1,1,0,"1",22,"4",NA,NA,NA,NA,NA,NA,NA,NA,NA,NA
"26","pos","hap","1",NA,NA,NA,NA,NA,NA,NA,NA,NA,NA,NA,NA,NA,NA,NA,NA,NA,NA,NA,NA,NA
"26","pos","neu","1",NA,NA,NA,NA,NA,NA,NA,NA,NA,NA,NA,NA,NA,NA,NA,NA,NA,NA,NA,NA,NA
"26","pos","hap","2",NA,NA,NA,NA,NA,NA,NA,NA,NA,NA,NA,NA,NA,NA,NA,NA,NA,NA,NA,NA,NA
"26","pos","neu","2",NA,NA,NA,NA,NA,NA,NA,NA,NA,NA,NA,NA,NA,NA,NA,NA,NA,NA,NA,NA,NA
"27","pos","hap","1",4.33333333333333,1,"1",2,2,2,3,0,"1",19,"1",NA,NA,NA,NA,NA,NA,NA,NA,NA,NA
"27","pos","neu","1",0.333333333333333,1,"1",2,2,2,3,0,"1",19,"1",NA,NA,NA,NA,NA,NA,NA,NA,NA,NA
"27","pos","hap","2",2.33333333333333,1,"1",2,2,2,3,0,"1",19,"1",NA,NA,NA,NA,NA,NA,NA,NA,NA,NA
"27","pos","neu","2",0.666666666666667,1,"1",2,2,2,3,0,"1",19,"1",NA,NA,NA,NA,NA,NA,NA,NA,NA,NA
"28","nil","hap","1",0.333333333333333,1,"1",0,0,2,4,0,"2",20,"1",NA,NA,NA,NA,NA,NA,NA,NA,NA,NA
"28","nil","neu","1",0,1,"1",0,0,2,4,0,"2",20,"1",NA,NA,NA,NA,NA,NA,NA,NA,NA,NA
"28","nil","hap","2",0,1,"1",0,0,2,4,0,"2",20,"1",NA,NA,NA,NA,NA,NA,NA,NA,NA,NA
"28","nil","neu","2",0,1,"1",0,0,2,4,0,"2",20,"1",NA,NA,NA,NA,NA,NA,NA,NA,NA,NA
"29","pos","hap","1",1,1,"1",0,0,1,1,1,"1",20,"4",NA,NA,NA,NA,NA,NA,NA,NA,NA,NA
"29","pos","neu","1",0.666666666666667,1,"1",0,0,1,1,1,"1",20,"4",NA,NA,NA,NA,NA,NA,NA,NA,NA,NA
"29","pos","hap","2",0,1,"1",0,0,1,1,1,"1",20,"4",NA,NA,NA,NA,NA,NA,NA,NA,NA,NA
"29","pos","neu","2",0,1,"1",0,0,1,1,1,"1",20,"4",NA,NA,NA,NA,NA,NA,NA,NA,NA,NA
"30","nil","hap","1",4.33333333333333,1,"2",0,0,0,3,2,"1",22,"1",NA,NA,NA,NA,NA,NA,NA,NA,NA,NA
"30","nil","neu","1",2.33333333333333,1,"2",0,0,0,3,2,"1",22,"1",NA,NA,NA,NA,NA,NA,NA,NA,NA,NA
"30","nil","hap","2",5.33333333333333,1,"2",0,0,0,3,2,"1",22,"1",NA,NA,NA,NA,NA,NA,NA,NA,NA,NA
"30","nil","neu","2",4.66666666666667,1,"2",0,0,0,3,2,"1",22,"1",NA,NA,NA,NA,NA,NA,NA,NA,NA,NA
"31","pos","hap","1",3,1,"1",2,2,0,4,0,"1",21,"1",NA,NA,NA,NA,NA,NA,NA,NA,NA,NA
"31","pos","neu","1",3.66666666666667,1,"1",2,2,0,4,0,"1",21,"1",NA,NA,NA,NA,NA,NA,NA,NA,NA,NA
"31","pos","hap","2",1,1,"1",2,2,0,4,0,"1",21,"1",NA,NA,NA,NA,NA,NA,NA,NA,NA,NA
"31","pos","neu","2",3,1,"1",2,2,0,4,0,"1",21,"1",NA,NA,NA,NA,NA,NA,NA,NA,NA,NA
"32","nil","hap","1",1.66666666666667,1,"1",0,1,-1,1,1,"2",18,"1",NA,NA,NA,NA,NA,NA,NA,NA,NA,NA
"32","nil","neu","1",0,1,"1",0,1,-1,1,1,"2",18,"1",NA,NA,NA,NA,NA,NA,NA,NA,NA,NA
"32","nil","hap","2",2,1,"1",0,1,-1,1,1,"2",18,"1",NA,NA,NA,NA,NA,NA,NA,NA,NA,NA
"32","nil","neu","2",0,1,"1",0,1,-1,1,1,"2",18,"1",NA,NA,NA,NA,NA,NA,NA,NA,NA,NA
"33","pos","hap","1",1.66666666666667,1,"1",-2,3,3,3,0,"1",21,"1",NA,NA,NA,NA,NA,NA,NA,NA,NA,NA
"33","pos","neu","1",0.333333333333333,1,"1",-2,3,3,3,0,"1",21,"1",NA,NA,NA,NA,NA,NA,NA,NA,NA,NA
"33","pos","hap","2",1.66666666666667,1,"1",-2,3,3,3,0,"1",21,"1",NA,NA,NA,NA,NA,NA,NA,NA,NA,NA
"33","pos","neu","2",0,1,"1",-2,3,3,3,0,"1",21,"1",NA,NA,NA,NA,NA,NA,NA,NA,NA,NA
"34","nil","hap","1",1,1,"2",-1,0,-1,1,0,"1",20,"4",NA,NA,NA,NA,NA,NA,NA,NA,NA,NA
"34","nil","neu","1",0,1,"2",-1,0,-1,1,0,"1",20,"4",NA,NA,NA,NA,NA,NA,NA,NA,NA,NA
"34","nil","hap","2",0,1,"2",-1,0,-1,1,0,"1",20,"4",NA,NA,NA,NA,NA,NA,NA,NA,NA,NA
"34","nil","neu","2",0,1,"2",-1,0,-1,1,0,"1",20,"4",NA,NA,NA,NA,NA,NA,NA,NA,NA,NA
"35","pos","hap","1",2,1,"1",0,0,1,3,0,"1",21,"4",NA,NA,NA,NA,NA,NA,NA,NA,NA,NA
"35","pos","neu","1",0,1,"1",0,0,1,3,0,"1",21,"4",NA,NA,NA,NA,NA,NA,NA,NA,NA,NA
"35","pos","hap","2",2.33333333333333,1,"1",0,0,1,3,0,"1",21,"4",NA,NA,NA,NA,NA,NA,NA,NA,NA,NA
"35","pos","neu","2",0,1,"1",0,0,1,3,0,"1",21,"4",NA,NA,NA,NA,NA,NA,NA,NA,NA,NA
"36","nil","hap","1",NA,NA,NA,NA,NA,NA,NA,NA,NA,NA,NA,NA,NA,NA,NA,NA,NA,NA,NA,NA,NA
"36","nil","neu","1",NA,NA,NA,NA,NA,NA,NA,NA,NA,NA,NA,NA,NA,NA,NA,NA,NA,NA,NA,NA,NA
"36","nil","hap","2",NA,NA,NA,NA,NA,NA,NA,NA,NA,NA,NA,NA,NA,NA,NA,NA,NA,NA,NA,NA,NA
"36","nil","neu","2",NA,NA,NA,NA,NA,NA,NA,NA,NA,NA,NA,NA,NA,NA,NA,NA,NA,NA,NA,NA,NA
"37","nil","hap","1",1,1,"2",0,-1,2,2,0,"1",18,"1,4",NA,NA,NA,NA,NA,NA,NA,NA,NA,NA
"37","nil","neu","1",0,1,"2",0,-1,2,2,0,"1",18,"1,4",NA,NA,NA,NA,NA,NA,NA,NA,NA,NA
"37","nil","hap","2",0,1,"2",0,-1,2,2,0,"1",18,"1,4",NA,NA,NA,NA,NA,NA,NA,NA,NA,NA
"37","nil","neu","2",0,1,"2",0,-1,2,2,0,"1",18,"1,4",NA,NA,NA,NA,NA,NA,NA,NA,NA,NA
"38","pos","hap","1",4,1,"1",0,0,1,2,0,"1",18,"4",NA,NA,NA,NA,NA,NA,NA,NA,NA,NA
"38","pos","neu","1",1,1,"1",0,0,1,2,0,"1",18,"4",NA,NA,NA,NA,NA,NA,NA,NA,NA,NA
"38","pos","hap","2",4,1,"1",0,0,1,2,0,"1",18,"4",NA,NA,NA,NA,NA,NA,NA,NA,NA,NA
"38","pos","neu","2",0,1,"1",0,0,1,2,0,"1",18,"4",NA,NA,NA,NA,NA,NA,NA,NA,NA,NA
"39","nil","hap","1",0.333333333333333,1,"1",0,1,-2,4,0,"1",20,"2,6",NA,NA,NA,NA,NA,NA,NA,NA,NA,NA
"39","nil","neu","1",0,1,"1",0,1,-2,4,0,"1",20,"2,6",NA,NA,NA,NA,NA,NA,NA,NA,NA,NA
"39","nil","hap","2",0,1,"1",0,1,-2,4,0,"1",20,"2,6",NA,NA,NA,NA,NA,NA,NA,NA,NA,NA
"39","nil","neu","2",0,1,"1",0,1,-2,4,0,"1",20,"2,6",NA,NA,NA,NA,NA,NA,NA,NA,NA,NA
"40","pos","hap","1",2,1,"1",0,1,1,3,2,"1",21,"1",1,3,3,2,4,NA,NA,NA,NA,NA
"40","pos","neu","1",1.33333333333333,1,"1",0,1,1,3,2,"1",21,"1",1,3,3,2,4,NA,NA,NA,NA,NA
"40","pos","hap","2",3,1,"1",0,1,1,3,2,"1",21,"1",1,3,3,2,4,NA,NA,NA,NA,NA
"40","pos","neu","2",0.666666666666667,1,"1",0,1,1,3,2,"1",21,"1",1,3,3,2,4,NA,NA,NA,NA,NA
"41","pos","hap","1",0.666666666666667,1,"1",2,2,2,2,NA,NA,NA,NA,NA,NA,NA,NA,NA,NA,NA,NA,NA,NA
"41","pos","neu","1",2.66666666666667,1,"1",2,2,2,2,NA,NA,NA,NA,NA,NA,NA,NA,NA,NA,NA,NA,NA,NA
"41","pos","hap","2",1.66666666666667,1,"1",2,2,2,2,NA,NA,NA,NA,NA,NA,NA,NA,NA,NA,NA,NA,NA,NA
"41","pos","neu","2",0.666666666666667,1,"1",2,2,2,2,NA,NA,NA,NA,NA,NA,NA,NA,NA,NA,NA,NA,NA,NA
"42","nil","hap","1",2.66666666666667,1,"2",1,1,1,2,2,"1",18,"4",1,1,2,-1,2,NA,NA,NA,NA,NA
"42","nil","neu","1",1,1,"2",1,1,1,2,2,"1",18,"4",1,1,2,-1,2,NA,NA,NA,NA,NA
"42","nil","hap","2",2,1,"2",1,1,1,2,2,"1",18,"4",1,1,2,-1,2,NA,NA,NA,NA,NA
"42","nil","neu","2",1,1,"2",1,1,1,2,2,"1",18,"4",1,1,2,-1,2,NA,NA,NA,NA,NA
"43","pos","hap","1",1.33333333333333,1,"1",0,0,0,2,1,"2",22,"3",NA,NA,NA,NA,NA,NA,NA,NA,NA,NA
"43","pos","neu","1",0,1,"1",0,0,0,2,1,"2",22,"3",NA,NA,NA,NA,NA,NA,NA,NA,NA,NA
"43","pos","hap","2",1,1,"1",0,0,0,2,1,"2",22,"3",NA,NA,NA,NA,NA,NA,NA,NA,NA,NA
"43","pos","neu","2",0,1,"1",0,0,0,2,1,"2",22,"3",NA,NA,NA,NA,NA,NA,NA,NA,NA,NA
"44","nil","hap","1",1,1,"2",0,0,0,1,0,"2",22,"1,4",NA,NA,NA,NA,NA,NA,NA,NA,NA,NA
"44","nil","neu","1",0,1,"2",0,0,0,1,0,"2",22,"1,4",NA,NA,NA,NA,NA,NA,NA,NA,NA,NA
"44","nil","hap","2",0.666666666666667,1,"2",0,0,0,1,0,"2",22,"1,4",NA,NA,NA,NA,NA,NA,NA,NA,NA,NA
"44","nil","neu","2",0,1,"2",0,0,0,1,0,"2",22,"1,4",NA,NA,NA,NA,NA,NA,NA,NA,NA,NA
"45","nil","hap","1",NA,NA,NA,NA,NA,NA,NA,NA,NA,NA,NA,NA,NA,NA,NA,NA,NA,NA,NA,NA,NA
"45","nil","neu","1",NA,NA,NA,NA,NA,NA,NA,NA,NA,NA,NA,NA,NA,NA,NA,NA,NA,NA,NA,NA,NA
"45","nil","hap","2",NA,NA,NA,NA,NA,NA,NA,NA,NA,NA,NA,NA,NA,NA,NA,NA,NA,NA,NA,NA,NA
"45","nil","neu","2",NA,NA,NA,NA,NA,NA,NA,NA,NA,NA,NA,NA,NA,NA,NA,NA,NA,NA,NA,NA,NA
"46","pos","hap","1",1.66666666666667,1,"1",1,1,0,1,2,"2",20,"1",NA,NA,NA,NA,NA,NA,NA,NA,NA,NA
"46","pos","neu","1",1,1,"1",1,1,0,1,2,"2",20,"1",NA,NA,NA,NA,NA,NA,NA,NA,NA,NA
"46","pos","hap","2",1.33333333333333,1,"1",1,1,0,1,2,"2",20,"1",NA,NA,NA,NA,NA,NA,NA,NA,NA,NA
"46","pos","neu","2",0,1,"1",1,1,0,1,2,"2",20,"1",NA,NA,NA,NA,NA,NA,NA,NA,NA,NA
"47","pos","hap","1",3,1,"1",0,2,0,2,1,"1",21,"4",NA,NA,NA,NA,NA,NA,NA,NA,NA,NA
"47","pos","neu","1",0.333333333333333,1,"1",0,2,0,2,1,"1",21,"4",NA,NA,NA,NA,NA,NA,NA,NA,NA,NA
"47","pos","hap","2",1,1,"1",0,2,0,2,1,"1",21,"4",NA,NA,NA,NA,NA,NA,NA,NA,NA,NA
"47","pos","neu","2",0.666666666666667,1,"1",0,2,0,2,1,"1",21,"4",NA,NA,NA,NA,NA,NA,NA,NA,NA,NA
"48","nil","hap","1",0,1,"2",0,0,0,1,0,"1",20,"2",NA,NA,NA,NA,NA,NA,NA,NA,NA,NA
"48","nil","neu","1",0,1,"2",0,0,0,1,0,"1",20,"2",NA,NA,NA,NA,NA,NA,NA,NA,NA,NA
"48","nil","hap","2",0.333333333333333,1,"2",0,0,0,1,0,"1",20,"2",NA,NA,NA,NA,NA,NA,NA,NA,NA,NA
"48","nil","neu","2",0,1,"2",0,0,0,1,0,"1",20,"2",NA,NA,NA,NA,NA,NA,NA,NA,NA,NA
"49","nil","hap","1",1.33333333333333,1,"2",-3,1,-3,3,0,"1",20,"1,4",NA,NA,NA,NA,NA,NA,NA,NA,NA,NA
"49","nil","neu","1",0,1,"2",-3,1,-3,3,0,"1",20,"1,4",NA,NA,NA,NA,NA,NA,NA,NA,NA,NA
"49","nil","hap","2",0.666666666666667,1,"2",-3,1,-3,3,0,"1",20,"1,4",NA,NA,NA,NA,NA,NA,NA,NA,NA,NA
"49","nil","neu","2",0.333333333333333,1,"2",-3,1,-3,3,0,"1",20,"1,4",NA,NA,NA,NA,NA,NA,NA,NA,NA,NA
"50","pos","hap","1",0.666666666666667,1,"1",0,0,1,4,0,"2",21,"1",NA,NA,NA,NA,NA,3,0,-2,-2,0
"50","pos","neu","1",0.333333333333333,1,"1",0,0,1,4,0,"2",21,"1",NA,NA,NA,NA,NA,3,0,-2,-2,0
"50","pos","hap","2",0.333333333333333,1,"1",0,0,1,4,0,"2",21,"1",NA,NA,NA,NA,NA,3,0,-2,-2,0
"50","pos","neu","2",0,1,"1",0,0,1,4,0,"2",21,"1",NA,NA,NA,NA,NA,3,0,-2,-2,0
"51","pos","hap","1",6,1,"1",0,1,0,1,0,"1",19,"1",4,0,0,0,4,NA,NA,NA,NA,NA
"51","pos","neu","1",0.666666666666667,1,"1",0,1,0,1,0,"1",19,"1",4,0,0,0,4,NA,NA,NA,NA,NA
"51","pos","hap","2",4.66666666666667,1,"1",0,1,0,1,0,"1",19,"1",4,0,0,0,4,NA,NA,NA,NA,NA
"51","pos","neu","2",0,1,"1",0,1,0,1,0,"1",19,"1",4,0,0,0,4,NA,NA,NA,NA,NA
"52","pos","hap","1",1.66666666666667,1,"1",2,2,3,1,0,"2",19,"4",NA,NA,NA,NA,NA,NA,NA,NA,NA,NA
"52","pos","neu","1",0,1,"1",2,2,3,1,0,"2",19,"4",NA,NA,NA,NA,NA,NA,NA,NA,NA,NA
"52","pos","hap","2",1,1,"1",2,2,3,1,0,"2",19,"4",NA,NA,NA,NA,NA,NA,NA,NA,NA,NA
"52","pos","neu","2",0,1,"1",2,2,3,1,0,"2",19,"4",NA,NA,NA,NA,NA,NA,NA,NA,NA,NA
"53","nil","hap","1",0,1,"1",2,0,0,0,0,"1",20,"2",NA,NA,NA,NA,NA,NA,NA,NA,NA,NA
"53","nil","neu","1",0,1,"1",2,0,0,0,0,"1",20,"2",NA,NA,NA,NA,NA,NA,NA,NA,NA,NA
"53","nil","hap","2",0,1,"1",2,0,0,0,0,"1",20,"2",NA,NA,NA,NA,NA,NA,NA,NA,NA,NA
"53","nil","neu","2",0,1,"1",2,0,0,0,0,"1",20,"2",NA,NA,NA,NA,NA,NA,NA,NA,NA,NA
"54","pos","hap","1",2.33333333333333,1,"1",-1,2,1,2,0,"1",20,"4",NA,NA,NA,NA,NA,NA,NA,NA,NA,NA
"54","pos","neu","1",1,1,"1",-1,2,1,2,0,"1",20,"4",NA,NA,NA,NA,NA,NA,NA,NA,NA,NA
"54","pos","hap","2",1,1,"1",-1,2,1,2,0,"1",20,"4",NA,NA,NA,NA,NA,NA,NA,NA,NA,NA
"54","pos","neu","2",0.666666666666667,1,"1",-1,2,1,2,0,"1",20,"4",NA,NA,NA,NA,NA,NA,NA,NA,NA,NA
"55","nil","hap","1",NA,NA,NA,NA,NA,NA,NA,NA,NA,NA,NA,NA,NA,NA,NA,NA,NA,NA,NA,NA,NA
"55","nil","neu","1",NA,NA,NA,NA,NA,NA,NA,NA,NA,NA,NA,NA,NA,NA,NA,NA,NA,NA,NA,NA,NA
"55","nil","hap","2",NA,NA,NA,NA,NA,NA,NA,NA,NA,NA,NA,NA,NA,NA,NA,NA,NA,NA,NA,NA,NA
"55","nil","neu","2",NA,NA,NA,NA,NA,NA,NA,NA,NA,NA,NA,NA,NA,NA,NA,NA,NA,NA,NA,NA,NA
"56","nil","hap","1",0,1,"2",1,1,3,4,0,"1",18,"4",1,1,1,-1,4,NA,NA,NA,NA,NA
"56","nil","neu","1",0,1,"2",1,1,3,4,0,"1",18,"4",1,1,1,-1,4,NA,NA,NA,NA,NA
"56","nil","hap","2",0,1,"2",1,1,3,4,0,"1",18,"4",1,1,1,-1,4,NA,NA,NA,NA,NA
"56","nil","neu","2",0,1,"2",1,1,3,4,0,"1",18,"4",1,1,1,-1,4,NA,NA,NA,NA,NA
"57","nil","hap","1",0.333333333333333,1,"2",0,1,0,2,0,"2",20,"4",NA,NA,NA,NA,NA,NA,NA,NA,NA,NA
"57","nil","neu","1",0,1,"2",0,1,0,2,0,"2",20,"4",NA,NA,NA,NA,NA,NA,NA,NA,NA,NA
"57","nil","hap","2",0,1,"2",0,1,0,2,0,"2",20,"4",NA,NA,NA,NA,NA,NA,NA,NA,NA,NA
"57","nil","neu","2",0,1,"2",0,1,0,2,0,"2",20,"4",NA,NA,NA,NA,NA,NA,NA,NA,NA,NA
"58","pos","hap","1",1.66666666666667,1,"1",1,2,2,3,0,"2",20,"1",NA,NA,NA,NA,NA,NA,NA,NA,NA,NA
"58","pos","neu","1",0,1,"1",1,2,2,3,0,"2",20,"1",NA,NA,NA,NA,NA,NA,NA,NA,NA,NA
"58","pos","hap","2",0.666666666666667,1,"1",1,2,2,3,0,"2",20,"1",NA,NA,NA,NA,NA,NA,NA,NA,NA,NA
"58","pos","neu","2",0.666666666666667,1,"1",1,2,2,3,0,"2",20,"1",NA,NA,NA,NA,NA,NA,NA,NA,NA,NA
"59","pos","hap","1",1,1,"1",1,2,0,2,0,"2",19,"4",NA,NA,NA,NA,NA,NA,NA,NA,NA,NA
"59","pos","neu","1",0,1,"1",1,2,0,2,0,"2",19,"4",NA,NA,NA,NA,NA,NA,NA,NA,NA,NA
"59","pos","hap","2",1,1,"1",1,2,0,2,0,"2",19,"4",NA,NA,NA,NA,NA,NA,NA,NA,NA,NA
"59","pos","neu","2",0,1,"1",1,2,0,2,0,"2",19,"4",NA,NA,NA,NA,NA,NA,NA,NA,NA,NA
"60","nil","hap","1",0,1,"2",0,1,3,2,0,"2",20,"4",NA,NA,NA,NA,NA,NA,NA,NA,NA,NA
"60","nil","neu","1",0,1,"2",0,1,3,2,0,"2",20,"4",NA,NA,NA,NA,NA,NA,NA,NA,NA,NA
"60","nil","hap","2",0,1,"2",0,1,3,2,0,"2",20,"4",NA,NA,NA,NA,NA,NA,NA,NA,NA,NA
"60","nil","neu","2",0,1,"2",0,1,3,2,0,"2",20,"4",NA,NA,NA,NA,NA,NA,NA,NA,NA,NA
"61","pos","hap","1",0,1,"3",0,-1,1,4,0,"2",18,"4",NA,NA,NA,NA,NA,3,0,0,2,4
"61","pos","neu","1",0,1,"3",0,-1,1,4,0,"2",18,"4",NA,NA,NA,NA,NA,3,0,0,2,4
"61","pos","hap","2",0,1,"3",0,-1,1,4,0,"2",18,"4",NA,NA,NA,NA,NA,3,0,0,2,4
"61","pos","neu","2",0,1,"3",0,-1,1,4,0,"2",18,"4",NA,NA,NA,NA,NA,3,0,0,2,4
"62","pos","hap","1",0.333333333333333,1,"1",1,2,1,1,0,"7",22,"4",NA,NA,NA,NA,NA,NA,NA,NA,NA,NA
"62","pos","neu","1",0,1,"1",1,2,1,1,0,"7",22,"4",NA,NA,NA,NA,NA,NA,NA,NA,NA,NA
"62","pos","hap","2",0.333333333333333,1,"1",1,2,1,1,0,"7",22,"4",NA,NA,NA,NA,NA,NA,NA,NA,NA,NA
"62","pos","neu","2",0,1,"1",1,2,1,1,0,"7",22,"4",NA,NA,NA,NA,NA,NA,NA,NA,NA,NA
"63","pos","hap","1",NA,NA,NA,NA,NA,NA,NA,NA,NA,NA,NA,NA,NA,NA,NA,NA,NA,NA,NA,NA,NA
"63","pos","neu","1",NA,NA,NA,NA,NA,NA,NA,NA,NA,NA,NA,NA,NA,NA,NA,NA,NA,NA,NA,NA,NA
"63","pos","hap","2",NA,NA,NA,NA,NA,NA,NA,NA,NA,NA,NA,NA,NA,NA,NA,NA,NA,NA,NA,NA,NA
"63","pos","neu","2",NA,NA,NA,NA,NA,NA,NA,NA,NA,NA,NA,NA,NA,NA,NA,NA,NA,NA,NA,NA,NA
"64","nil","hap","1",NA,NA,NA,NA,NA,NA,NA,NA,NA,NA,NA,NA,NA,NA,NA,NA,NA,NA,NA,NA,NA
"64","nil","neu","1",NA,NA,NA,NA,NA,NA,NA,NA,NA,NA,NA,NA,NA,NA,NA,NA,NA,NA,NA,NA,NA
"64","nil","hap","2",NA,NA,NA,NA,NA,NA,NA,NA,NA,NA,NA,NA,NA,NA,NA,NA,NA,NA,NA,NA,NA
"64","nil","neu","2",NA,NA,NA,NA,NA,NA,NA,NA,NA,NA,NA,NA,NA,NA,NA,NA,NA,NA,NA,NA,NA
"65","nil","hap","1",NA,NA,NA,NA,NA,NA,NA,NA,NA,NA,NA,NA,NA,NA,NA,NA,NA,NA,NA,NA,NA
"65","nil","neu","1",NA,NA,NA,NA,NA,NA,NA,NA,NA,NA,NA,NA,NA,NA,NA,NA,NA,NA,NA,NA,NA
"65","nil","hap","2",NA,NA,NA,NA,NA,NA,NA,NA,NA,NA,NA,NA,NA,NA,NA,NA,NA,NA,NA,NA,NA
"65","nil","neu","2",NA,NA,NA,NA,NA,NA,NA,NA,NA,NA,NA,NA,NA,NA,NA,NA,NA,NA,NA,NA,NA
"66","pos","hap","1",0,1,"1",0,0,-3,4,0,"2",22,"1",NA,NA,NA,NA,NA,NA,NA,NA,NA,NA
"66","pos","neu","1",0.333333333333333,1,"1",0,0,-3,4,0,"2",22,"1",NA,NA,NA,NA,NA,NA,NA,NA,NA,NA
"66","pos","hap","2",0,1,"1",0,0,-3,4,0,"2",22,"1",NA,NA,NA,NA,NA,NA,NA,NA,NA,NA
"66","pos","neu","2",0.666666666666667,1,"1",0,0,-3,4,0,"2",22,"1",NA,NA,NA,NA,NA,NA,NA,NA,NA,NA
"67","nil","hap","1",3,1,"2",1,1,0,2,1,"5",22,"2",NA,NA,NA,NA,NA,NA,NA,NA,NA,NA
"67","nil","neu","1",0.666666666666667,1,"2",1,1,0,2,1,"5",22,"2",NA,NA,NA,NA,NA,NA,NA,NA,NA,NA
"67","nil","hap","2",0,1,"2",1,1,0,2,1,"5",22,"2",NA,NA,NA,NA,NA,NA,NA,NA,NA,NA
"67","nil","neu","2",0,1,"2",1,1,0,2,1,"5",22,"2",NA,NA,NA,NA,NA,NA,NA,NA,NA,NA
"68","nil","hap","1",1,1,"2",1,1,2,3,0,"1",21,"2,6",NA,NA,NA,NA,NA,NA,NA,NA,NA,NA
"68","nil","neu","1",0,1,"2",1,1,2,3,0,"1",21,"2,6",NA,NA,NA,NA,NA,NA,NA,NA,NA,NA
"68","nil","hap","2",0.333333333333333,1,"2",1,1,2,3,0,"1",21,"2,6",NA,NA,NA,NA,NA,NA,NA,NA,NA,NA
"68","nil","neu","2",0,1,"2",1,1,2,3,0,"1",21,"2,6",NA,NA,NA,NA,NA,NA,NA,NA,NA,NA
"69","pos","hap","1",1.66666666666667,1,"1",1,1,2,1,0,"1",19,"1",NA,NA,NA,NA,NA,NA,NA,NA,NA,NA
"69","pos","neu","1",0.666666666666667,1,"1",1,1,2,1,0,"1",19,"1",NA,NA,NA,NA,NA,NA,NA,NA,NA,NA
"69","pos","hap","2",0,1,"1",1,1,2,1,0,"1",19,"1",NA,NA,NA,NA,NA,NA,NA,NA,NA,NA
"69","pos","neu","2",0,1,"1",1,1,2,1,0,"1",19,"1",NA,NA,NA,NA,NA,NA,NA,NA,NA,NA
"70","nil","hap","1",1,1,"2",-2,1,-3,3,0,"1",21,"1",NA,NA,NA,NA,NA,NA,NA,NA,NA,NA
"70","nil","neu","1",0.333333333333333,1,"2",-2,1,-3,3,0,"1",21,"1",NA,NA,NA,NA,NA,NA,NA,NA,NA,NA
"70","nil","hap","2",1,1,"2",-2,1,-3,3,0,"1",21,"1",NA,NA,NA,NA,NA,NA,NA,NA,NA,NA
"70","nil","neu","2",0.333333333333333,1,"2",-2,1,-3,3,0,"1",21,"1",NA,NA,NA,NA,NA,NA,NA,NA,NA,NA
"71","pos","hap","1",0,1,"1",-1,0,0,2,1,"1",20,"7",NA,NA,NA,NA,NA,NA,NA,NA,NA,NA
"71","pos","neu","1",0.666666666666667,1,"1",-1,0,0,2,1,"1",20,"7",NA,NA,NA,NA,NA,NA,NA,NA,NA,NA
"71","pos","hap","2",0.333333333333333,1,"1",-1,0,0,2,1,"1",20,"7",NA,NA,NA,NA,NA,NA,NA,NA,NA,NA
"71","pos","neu","2",0.666666666666667,1,"1",-1,0,0,2,1,"1",20,"7",NA,NA,NA,NA,NA,NA,NA,NA,NA,NA
"72","nil","hap","1",0.333333333333333,1,"1",1,1,1,2,0,"1",19,"2",NA,NA,NA,NA,NA,NA,NA,NA,NA,NA
"72","nil","neu","1",0,1,"1",1,1,1,2,0,"1",19,"2",NA,NA,NA,NA,NA,NA,NA,NA,NA,NA
"72","nil","hap","2",0,1,"1",1,1,1,2,0,"1",19,"2",NA,NA,NA,NA,NA,NA,NA,NA,NA,NA
"72","nil","neu","2",0,1,"1",1,1,1,2,0,"1",19,"2",NA,NA,NA,NA,NA,NA,NA,NA,NA,NA
"73","nil","hap","1",2,1,"1",2,0,0,3,0,"1",20,"4",NA,NA,NA,NA,NA,NA,NA,NA,NA,NA
"73","nil","neu","1",0,1,"1",2,0,0,3,0,"1",20,"4",NA,NA,NA,NA,NA,NA,NA,NA,NA,NA
"73","nil","hap","2",0,1,"1",2,0,0,3,0,"1",20,"4",NA,NA,NA,NA,NA,NA,NA,NA,NA,NA
"73","nil","neu","2",0,1,"1",2,0,0,3,0,"1",20,"4",NA,NA,NA,NA,NA,NA,NA,NA,NA,NA
"74","pos","hap","1",1,1,"1",1,2,1,2,1,"1",20,"4",1,0,2,1,2,NA,NA,NA,NA,NA
"74","pos","neu","1",1,1,"1",1,2,1,2,1,"1",20,"4",1,0,2,1,2,NA,NA,NA,NA,NA
"74","pos","hap","2",4,1,"1",1,2,1,2,1,"1",20,"4",1,0,2,1,2,NA,NA,NA,NA,NA
"74","pos","neu","2",2.66666666666667,1,"1",1,2,1,2,1,"1",20,"4",1,0,2,1,2,NA,NA,NA,NA,NA
"75","nil","hap","1",0.666666666666667,1,"2",0,-1,1,2,0,"2",21,"1",NA,NA,NA,NA,NA,NA,NA,NA,NA,NA
"75","nil","neu","1",0,1,"2",0,-1,1,2,0,"2",21,"1",NA,NA,NA,NA,NA,NA,NA,NA,NA,NA
"75","nil","hap","2",0.666666666666667,1,"2",0,-1,1,2,0,"2",21,"1",NA,NA,NA,NA,NA,NA,NA,NA,NA,NA
"75","nil","neu","2",0,1,"2",0,-1,1,2,0,"2",21,"1",NA,NA,NA,NA,NA,NA,NA,NA,NA,NA
"76","pos","hap","1",2.33333333333333,1,"1",0,1,1,1,0,"1",20,"1",NA,NA,NA,NA,NA,NA,NA,NA,NA,NA
"76","pos","neu","1",0.333333333333333,1,"1",0,1,1,1,0,"1",20,"1",NA,NA,NA,NA,NA,NA,NA,NA,NA,NA
"76","pos","hap","2",2,1,"1",0,1,1,1,0,"1",20,"1",NA,NA,NA,NA,NA,NA,NA,NA,NA,NA
"76","pos","neu","2",0.333333333333333,1,"1",0,1,1,1,0,"1",20,"1",NA,NA,NA,NA,NA,NA,NA,NA,NA,NA
"77","pos","hap","1",2,1,"1",2,3,1,1,0,"1",18,"4",NA,NA,NA,NA,NA,NA,NA,NA,NA,NA
"77","pos","neu","1",0,1,"1",2,3,1,1,0,"1",18,"4",NA,NA,NA,NA,NA,NA,NA,NA,NA,NA
"77","pos","hap","2",2.66666666666667,1,"1",2,3,1,1,0,"1",18,"4",NA,NA,NA,NA,NA,NA,NA,NA,NA,NA
"77","pos","neu","2",1,1,"1",2,3,1,1,0,"1",18,"4",NA,NA,NA,NA,NA,NA,NA,NA,NA,NA
"78","pos","hap","1",2.66666666666667,1,"1",-2,2,-2,4,0,"2",19,"4",NA,NA,NA,NA,NA,NA,NA,NA,NA,NA
"78","pos","neu","1",2,1,"1",-2,2,-2,4,0,"2",19,"4",NA,NA,NA,NA,NA,NA,NA,NA,NA,NA
"78","pos","hap","2",2,1,"1",-2,2,-2,4,0,"2",19,"4",NA,NA,NA,NA,NA,NA,NA,NA,NA,NA
"78","pos","neu","2",2,1,"1",-2,2,-2,4,0,"2",19,"4",NA,NA,NA,NA,NA,NA,NA,NA,NA,NA
"79","nil","hap","1",NA,NA,NA,NA,NA,NA,NA,NA,NA,NA,NA,NA,NA,NA,NA,NA,NA,NA,NA,NA,NA
"79","nil","neu","1",NA,NA,NA,NA,NA,NA,NA,NA,NA,NA,NA,NA,NA,NA,NA,NA,NA,NA,NA,NA,NA
"79","nil","hap","2",NA,NA,NA,NA,NA,NA,NA,NA,NA,NA,NA,NA,NA,NA,NA,NA,NA,NA,NA,NA,NA
"79","nil","neu","2",NA,NA,NA,NA,NA,NA,NA,NA,NA,NA,NA,NA,NA,NA,NA,NA,NA,NA,NA,NA,NA
"80","nil","hap","1",2,1,"2",0,2,-3,2,2,"2",18,"6",NA,NA,NA,NA,NA,NA,NA,NA,NA,NA
"80","nil","neu","1",0,1,"2",0,2,-3,2,2,"2",18,"6",NA,NA,NA,NA,NA,NA,NA,NA,NA,NA
"80","nil","hap","2",0.333333333333333,1,"2",0,2,-3,2,2,"2",18,"6",NA,NA,NA,NA,NA,NA,NA,NA,NA,NA
"80","nil","neu","2",0,1,"2",0,2,-3,2,2,"2",18,"6",NA,NA,NA,NA,NA,NA,NA,NA,NA,NA
"81","nil","hap","1",0,1,"2",0,0,1,3,0,"1",18,"4",NA,NA,NA,NA,NA,NA,NA,NA,NA,NA
"81","nil","neu","1",0,1,"2",0,0,1,3,0,"1",18,"4",NA,NA,NA,NA,NA,NA,NA,NA,NA,NA
"81","nil","hap","2",0,1,"2",0,0,1,3,0,"1",18,"4",NA,NA,NA,NA,NA,NA,NA,NA,NA,NA
"81","nil","neu","2",0,1,"2",0,0,1,3,0,"1",18,"4",NA,NA,NA,NA,NA,NA,NA,NA,NA,NA
"82","pos","hap","1",0.666666666666667,1,"1",1,2,0,1,0,"1",20,"4",NA,NA,NA,NA,NA,NA,NA,NA,NA,NA
"82","pos","neu","1",0,1,"1",1,2,0,1,0,"1",20,"4",NA,NA,NA,NA,NA,NA,NA,NA,NA,NA
"82","pos","hap","2",0.333333333333333,1,"1",1,2,0,1,0,"1",20,"4",NA,NA,NA,NA,NA,NA,NA,NA,NA,NA
"82","pos","neu","2",0,1,"1",1,2,0,1,0,"1",20,"4",NA,NA,NA,NA,NA,NA,NA,NA,NA,NA
"83","nil","hap","1",3,1,"2",0,0,-2,1,0,"1",19,"2",NA,NA,NA,NA,NA,NA,NA,NA,NA,NA
"83","nil","neu","1",1.33333333333333,1,"2",0,0,-2,1,0,"1",19,"2",NA,NA,NA,NA,NA,NA,NA,NA,NA,NA
"83","nil","hap","2",0,1,"2",0,0,-2,1,0,"1",19,"2",NA,NA,NA,NA,NA,NA,NA,NA,NA,NA
"83","nil","neu","2",0.333333333333333,1,"2",0,0,-2,1,0,"1",19,"2",NA,NA,NA,NA,NA,NA,NA,NA,NA,NA
"84","pos","hap","1",0,1,"1",0,2,1,2,1,"1",18,"4",NA,NA,NA,NA,NA,3,1,1,1,3
"84","pos","neu","1",0,1,"1",0,2,1,2,1,"1",18,"4",NA,NA,NA,NA,NA,3,1,1,1,3
"84","pos","hap","2",0.333333333333333,1,"1",0,2,1,2,1,"1",18,"4",NA,NA,NA,NA,NA,3,1,1,1,3
"84","pos","neu","2",1,1,"1",0,2,1,2,1,"1",18,"4",NA,NA,NA,NA,NA,3,1,1,1,3
"85","nil","hap","1",3.33333333333333,1,"2",-1,-1,-2,1,0,"1",20,"1",NA,NA,NA,NA,NA,NA,NA,NA,NA,NA
"85","nil","neu","1",0,1,"2",-1,-1,-2,1,0,"1",20,"1",NA,NA,NA,NA,NA,NA,NA,NA,NA,NA
"85","nil","hap","2",1.66666666666667,1,"2",-1,-1,-2,1,0,"1",20,"1",NA,NA,NA,NA,NA,NA,NA,NA,NA,NA
"85","nil","neu","2",0.333333333333333,1,"2",-1,-1,-2,1,0,"1",20,"1",NA,NA,NA,NA,NA,NA,NA,NA,NA,NA
"86","pos","hap","1",1.66666666666667,1,"1",1,2,2,3,1,"1",18,"1",NA,NA,NA,NA,NA,NA,NA,NA,NA,NA
"86","pos","neu","1",0,1,"1",1,2,2,3,1,"1",18,"1",NA,NA,NA,NA,NA,NA,NA,NA,NA,NA
"86","pos","hap","2",2,1,"1",1,2,2,3,1,"1",18,"1",NA,NA,NA,NA,NA,NA,NA,NA,NA,NA
"86","pos","neu","2",0,1,"1",1,2,2,3,1,"1",18,"1",NA,NA,NA,NA,NA,NA,NA,NA,NA,NA
"87","pos","hap","1",0,1,"1",-2,3,1,2,0,"1",19,"1",NA,NA,NA,NA,NA,NA,NA,NA,NA,NA
"87","pos","neu","1",1.33333333333333,1,"1",-2,3,1,2,0,"1",19,"1",NA,NA,NA,NA,NA,NA,NA,NA,NA,NA
"87","pos","hap","2",0,1,"1",-2,3,1,2,0,"1",19,"1",NA,NA,NA,NA,NA,NA,NA,NA,NA,NA
"87","pos","neu","2",0,1,"1",-2,3,1,2,0,"1",19,"1",NA,NA,NA,NA,NA,NA,NA,NA,NA,NA
"88","nil","hap","1",1,1,"2",1,1,-2,2,1,"1",18,"1",NA,NA,NA,NA,NA,3,-2,-2,-3,3
"88","nil","neu","1",0,1,"2",1,1,-2,2,1,"1",18,"1",NA,NA,NA,NA,NA,3,-2,-2,-3,3
"88","nil","hap","2",1,1,"2",1,1,-2,2,1,"1",18,"1",NA,NA,NA,NA,NA,3,-2,-2,-3,3
"88","nil","neu","2",0,1,"2",1,1,-2,2,1,"1",18,"1",NA,NA,NA,NA,NA,3,-2,-2,-3,3
"89","nil","hap","1",0,1,"2",0,1,0,1,0,"2",18,"4",NA,NA,NA,NA,NA,NA,NA,NA,NA,NA
"89","nil","neu","1",0,1,"2",0,1,0,1,0,"2",18,"4",NA,NA,NA,NA,NA,NA,NA,NA,NA,NA
"89","nil","hap","2",0.333333333333333,1,"2",0,1,0,1,0,"2",18,"4",NA,NA,NA,NA,NA,NA,NA,NA,NA,NA
"89","nil","neu","2",0,1,"2",0,1,0,1,0,"2",18,"4",NA,NA,NA,NA,NA,NA,NA,NA,NA,NA
"90","pos","hap","1",NA,NA,NA,NA,NA,NA,NA,NA,NA,NA,NA,NA,NA,NA,NA,NA,NA,NA,NA,NA,NA
"90","pos","neu","1",NA,NA,NA,NA,NA,NA,NA,NA,NA,NA,NA,NA,NA,NA,NA,NA,NA,NA,NA,NA,NA
"90","pos","hap","2",NA,NA,NA,NA,NA,NA,NA,NA,NA,NA,NA,NA,NA,NA,NA,NA,NA,NA,NA,NA,NA
"90","pos","neu","2",NA,NA,NA,NA,NA,NA,NA,NA,NA,NA,NA,NA,NA,NA,NA,NA,NA,NA,NA,NA,NA
"91","nil","hap","1",0,NA,"2",1,1,-2,2,0,"1",19,"4",NA,NA,NA,NA,NA,NA,NA,NA,NA,NA
"91","nil","neu","1",0.333333333333333,NA,"2",1,1,-2,2,0,"1",19,"4",NA,NA,NA,NA,NA,NA,NA,NA,NA,NA
"91","nil","hap","2",0,NA,"2",1,1,-2,2,0,"1",19,"4",NA,NA,NA,NA,NA,NA,NA,NA,NA,NA
"91","nil","neu","2",NA,NA,"2",1,1,-2,2,0,"1",19,"4",NA,NA,NA,NA,NA,NA,NA,NA,NA,NA
"92","pos","hap","1",1.33333333333333,1,"1",0,0,1,2,0,"1",19,"1",NA,NA,NA,NA,NA,NA,NA,NA,NA,NA
"92","pos","neu","1",0,1,"1",0,0,1,2,0,"1",19,"1",NA,NA,NA,NA,NA,NA,NA,NA,NA,NA
"92","pos","hap","2",0,1,"1",0,0,1,2,0,"1",19,"1",NA,NA,NA,NA,NA,NA,NA,NA,NA,NA
"92","pos","neu","2",0,1,"1",0,0,1,2,0,"1",19,"1",NA,NA,NA,NA,NA,NA,NA,NA,NA,NA
"93","pos","hap","1",1.33333333333333,1,"1",1,1,2,2,0,"1",19,"4",NA,NA,NA,NA,NA,NA,NA,NA,NA,NA
"93","pos","neu","1",0.666666666666667,1,"1",1,1,2,2,0,"1",19,"4",NA,NA,NA,NA,NA,NA,NA,NA,NA,NA
"93","pos","hap","2",0.666666666666667,1,"1",1,1,2,2,0,"1",19,"4",NA,NA,NA,NA,NA,NA,NA,NA,NA,NA
"93","pos","neu","2",0,1,"1",1,1,2,2,0,"1",19,"4",NA,NA,NA,NA,NA,NA,NA,NA,NA,NA
"94","pos","hap","1",0,1,"3",0,0,0,3,0,"1",22,"6",1,0,0,0,4,NA,NA,NA,NA,NA
"94","pos","neu","1",0,1,"3",0,0,0,3,0,"1",22,"6",1,0,0,0,4,NA,NA,NA,NA,NA
"94","pos","hap","2",0,1,"3",0,0,0,3,0,"1",22,"6",1,0,0,0,4,NA,NA,NA,NA,NA
"94","pos","neu","2",0,1,"3",0,0,0,3,0,"1",22,"6",1,0,0,0,4,NA,NA,NA,NA,NA
"95","nil","hap","1",2.33333333333333,1,"2",2,1,1,2,1,"2",19,"2",NA,NA,NA,NA,NA,NA,NA,NA,NA,NA
"95","nil","neu","1",1,1,"2",2,1,1,2,1,"2",19,"2",NA,NA,NA,NA,NA,NA,NA,NA,NA,NA
"95","nil","hap","2",1.66666666666667,1,"2",2,1,1,2,1,"2",19,"2",NA,NA,NA,NA,NA,NA,NA,NA,NA,NA
"95","nil","neu","2",0.666666666666667,1,"2",2,1,1,2,1,"2",19,"2",NA,NA,NA,NA,NA,NA,NA,NA,NA,NA
"96","nil","hap","1",0,1,"1",0,1,0,1,0,"2",21,"1",NA,NA,NA,NA,NA,3,0,0,0,3
"96","nil","neu","1",0,1,"1",0,1,0,1,0,"2",21,"1",NA,NA,NA,NA,NA,3,0,0,0,3
"96","nil","hap","2",0,1,"1",0,1,0,1,0,"2",21,"1",NA,NA,NA,NA,NA,3,0,0,0,3
"96","nil","neu","2",0,1,"1",0,1,0,1,0,"2",21,"1",NA,NA,NA,NA,NA,3,0,0,0,3
"97","nil","hap","1",0,1,"1",0,1,-3,4,NA,NA,NA,NA,NA,NA,NA,NA,NA,NA,NA,NA,NA,NA
"97","nil","neu","1",0,1,"1",0,1,-3,4,NA,NA,NA,NA,NA,NA,NA,NA,NA,NA,NA,NA,NA,NA
"97","nil","hap","2",0,1,"1",0,1,-3,4,NA,NA,NA,NA,NA,NA,NA,NA,NA,NA,NA,NA,NA,NA
"97","nil","neu","2",0,1,"1",0,1,-3,4,NA,NA,NA,NA,NA,NA,NA,NA,NA,NA,NA,NA,NA,NA
"98","pos","hap","1",0.666666666666667,1,"1",0,0,0,3,0,"2",20,"2",NA,NA,NA,NA,NA,NA,NA,NA,NA,NA
"98","pos","neu","1",0,1,"1",0,0,0,3,0,"2",20,"2",NA,NA,NA,NA,NA,NA,NA,NA,NA,NA
"98","pos","hap","2",0.333333333333333,1,"1",0,0,0,3,0,"2",20,"2",NA,NA,NA,NA,NA,NA,NA,NA,NA,NA
"98","pos","neu","2",0,1,"1",0,0,0,3,0,"2",20,"2",NA,NA,NA,NA,NA,NA,NA,NA,NA,NA
"99","pos","hap","1",1,1,"1",2,2,-1,2,0,"1",19,"1",NA,NA,NA,NA,NA,NA,NA,NA,NA,NA
"99","pos","neu","1",0.333333333333333,1,"1",2,2,-1,2,0,"1",19,"1",NA,NA,NA,NA,NA,NA,NA,NA,NA,NA
"99","pos","hap","2",1,1,"1",2,2,-1,2,0,"1",19,"1",NA,NA,NA,NA,NA,NA,NA,NA,NA,NA
"99","pos","neu","2",0.333333333333333,1,"1",2,2,-1,2,0,"1",19,"1",NA,NA,NA,NA,NA,NA,NA,NA,NA,NA
"100","nil","hap","1",NA,NA,NA,NA,NA,NA,NA,NA,NA,NA,NA,NA,NA,NA,NA,NA,NA,NA,NA,NA,NA
"100","nil","neu","1",NA,NA,NA,NA,NA,NA,NA,NA,NA,NA,NA,NA,NA,NA,NA,NA,NA,NA,NA,NA,NA
"100","nil","hap","2",NA,NA,NA,NA,NA,NA,NA,NA,NA,NA,NA,NA,NA,NA,NA,NA,NA,NA,NA,NA,NA
"100","nil","neu","2",NA,NA,NA,NA,NA,NA,NA,NA,NA,NA,NA,NA,NA,NA,NA,NA,NA,NA,NA,NA,NA
"101","pos","hap","1",0,1,"1",0,0,-1,2,0,"1",20,"6",NA,NA,NA,NA,NA,NA,NA,NA,NA,NA
"101","pos","neu","1",0,1,"1",0,0,-1,2,0,"1",20,"6",NA,NA,NA,NA,NA,NA,NA,NA,NA,NA
"101","pos","hap","2",0.333333333333333,1,"1",0,0,-1,2,0,"1",20,"6",NA,NA,NA,NA,NA,NA,NA,NA,NA,NA
"101","pos","neu","2",0,1,"1",0,0,-1,2,0,"1",20,"6",NA,NA,NA,NA,NA,NA,NA,NA,NA,NA
"102","nil","hap","1",3,1,"2",0,3,-1,3,0,"1",20,"4",NA,NA,NA,NA,NA,NA,NA,NA,NA,NA
"102","nil","neu","1",2,1,"2",0,3,-1,3,0,"1",20,"4",NA,NA,NA,NA,NA,NA,NA,NA,NA,NA
"102","nil","hap","2",3,1,"2",0,3,-1,3,0,"1",20,"4",NA,NA,NA,NA,NA,NA,NA,NA,NA,NA
"102","nil","neu","2",2,1,"2",0,3,-1,3,0,"1",20,"4",NA,NA,NA,NA,NA,NA,NA,NA,NA,NA
"103","nil","hap","1",3,1,"1",0,0,0,2,0,"3",19,"1",NA,NA,NA,NA,NA,NA,NA,NA,NA,NA
"103","nil","neu","1",3,1,"1",0,0,0,2,0,"3",19,"1",NA,NA,NA,NA,NA,NA,NA,NA,NA,NA
"103","nil","hap","2",3,1,"1",0,0,0,2,0,"3",19,"1",NA,NA,NA,NA,NA,NA,NA,NA,NA,NA
"103","nil","neu","2",3,1,"1",0,0,0,2,0,"3",19,"1",NA,NA,NA,NA,NA,NA,NA,NA,NA,NA
"104","pos","hap","1",0,1,"1",0,0,1,2,0,"2",19,"4",NA,NA,NA,NA,NA,NA,NA,NA,NA,NA
"104","pos","neu","1",0,1,"1",0,0,1,2,0,"2",19,"4",NA,NA,NA,NA,NA,NA,NA,NA,NA,NA
"104","pos","hap","2",0,1,"1",0,0,1,2,0,"2",19,"4",NA,NA,NA,NA,NA,NA,NA,NA,NA,NA
"104","pos","neu","2",0,1,"1",0,0,1,2,0,"2",19,"4",NA,NA,NA,NA,NA,NA,NA,NA,NA,NA
"105","nil","hap","1",0,1,"2",-1,0,-1,4,-1,"1",23,"1",NA,NA,NA,NA,NA,3,1,2,0,4
"105","nil","neu","1",0,1,"2",-1,0,-1,4,-1,"1",23,"1",NA,NA,NA,NA,NA,3,1,2,0,4
"105","nil","hap","2",0,1,"2",-1,0,-1,4,-1,"1",23,"1",NA,NA,NA,NA,NA,3,1,2,0,4
"105","nil","neu","2",0,1,"2",-1,0,-1,4,-1,"1",23,"1",NA,NA,NA,NA,NA,3,1,2,0,4
"106","pos","hap","1",3,1,"1",2,3,3,4,1,"1",20,"1,3",NA,NA,NA,NA,NA,NA,NA,NA,NA,NA
"106","pos","neu","1",0.333333333333333,1,"1",2,3,3,4,1,"1",20,"1,3",NA,NA,NA,NA,NA,NA,NA,NA,NA,NA
"106","pos","hap","2",3.33333333333333,1,"1",2,3,3,4,1,"1",20,"1,3",NA,NA,NA,NA,NA,NA,NA,NA,NA,NA
"106","pos","neu","2",1.33333333333333,1,"1",2,3,3,4,1,"1",20,"1,3",NA,NA,NA,NA,NA,NA,NA,NA,NA,NA
"107","nil","hap","1",0.333333333333333,1,"1",0,0,0,3,0,"1",19,"1",NA,NA,NA,NA,NA,NA,NA,NA,NA,NA
"107","nil","neu","1",0,1,"1",0,0,0,3,0,"1",19,"1",NA,NA,NA,NA,NA,NA,NA,NA,NA,NA
"107","nil","hap","2",0,1,"1",0,0,0,3,0,"1",19,"1",NA,NA,NA,NA,NA,NA,NA,NA,NA,NA
"107","nil","neu","2",0,1,"1",0,0,0,3,0,"1",19,"1",NA,NA,NA,NA,NA,NA,NA,NA,NA,NA
"108","pos","hap","1",0,1,"2",1,0,0,4,2,"2",19,"2",NA,NA,NA,NA,NA,NA,NA,NA,NA,NA
"108","pos","neu","1",0,1,"2",1,0,0,4,2,"2",19,"2",NA,NA,NA,NA,NA,NA,NA,NA,NA,NA
"108","pos","hap","2",2.66666666666667,1,"2",1,0,0,4,2,"2",19,"2",NA,NA,NA,NA,NA,NA,NA,NA,NA,NA
"108","pos","neu","2",0,1,"2",1,0,0,4,2,"2",19,"2",NA,NA,NA,NA,NA,NA,NA,NA,NA,NA
"109","nil","hap","1",2.66666666666667,1,"2",2,3,2,4,0,"1",18,"1,4",NA,NA,NA,NA,NA,NA,NA,NA,NA,NA
"109","nil","neu","1",0.333333333333333,1,"2",2,3,2,4,0,"1",18,"1,4",NA,NA,NA,NA,NA,NA,NA,NA,NA,NA
"109","nil","hap","2",2,1,"2",2,3,2,4,0,"1",18,"1,4",NA,NA,NA,NA,NA,NA,NA,NA,NA,NA
"109","nil","neu","2",0,1,"2",2,3,2,4,0,"1",18,"1,4",NA,NA,NA,NA,NA,NA,NA,NA,NA,NA
"110","pos","hap","1",1,1,"1",0,1,2,0,1,"2",18,"4",NA,NA,NA,NA,NA,NA,NA,NA,NA,NA
"110","pos","neu","1",0,1,"1",0,1,2,0,1,"2",18,"4",NA,NA,NA,NA,NA,NA,NA,NA,NA,NA
"110","pos","hap","2",0.666666666666667,1,"1",0,1,2,0,1,"2",18,"4",NA,NA,NA,NA,NA,NA,NA,NA,NA,NA
"110","pos","neu","2",0,1,"1",0,1,2,0,1,"2",18,"4",NA,NA,NA,NA,NA,NA,NA,NA,NA,NA
"111","pos","hap","1",2.33333333333333,1,"1",1,2,1,2,0,"2",19,"7",NA,NA,NA,NA,NA,NA,NA,NA,NA,NA
"111","pos","neu","1",1,1,"1",1,2,1,2,0,"2",19,"7",NA,NA,NA,NA,NA,NA,NA,NA,NA,NA
"111","pos","hap","2",1.66666666666667,1,"1",1,2,1,2,0,"2",19,"7",NA,NA,NA,NA,NA,NA,NA,NA,NA,NA
"111","pos","neu","2",0.666666666666667,1,"1",1,2,1,2,0,"2",19,"7",NA,NA,NA,NA,NA,NA,NA,NA,NA,NA
"112","nil","hap","1",0,1,"2",0,0,1,0,0,"1",20,"1",NA,NA,NA,NA,NA,NA,NA,NA,NA,NA
"112","nil","neu","1",0,1,"2",0,0,1,0,0,"1",20,"1",NA,NA,NA,NA,NA,NA,NA,NA,NA,NA
"112","nil","hap","2",0,1,"2",0,0,1,0,0,"1",20,"1",NA,NA,NA,NA,NA,NA,NA,NA,NA,NA
"112","nil","neu","2",0,1,"2",0,0,1,0,0,"1",20,"1",NA,NA,NA,NA,NA,NA,NA,NA,NA,NA
"113","pos","hap","1",1.33333333333333,1,"1",1,2,2,2,2,"4",23,"6",NA,NA,NA,NA,NA,NA,NA,NA,NA,NA
"113","pos","neu","1",0,1,"1",1,2,2,2,2,"4",23,"6",NA,NA,NA,NA,NA,NA,NA,NA,NA,NA
"113","pos","hap","2",0,1,"1",1,2,2,2,2,"4",23,"6",NA,NA,NA,NA,NA,NA,NA,NA,NA,NA
"113","pos","neu","2",0,1,"1",1,2,2,2,2,"4",23,"6",NA,NA,NA,NA,NA,NA,NA,NA,NA,NA
"114","nil","hap","1",0.666666666666667,1,"3",1,1,1,2,1,"1",19,"1",NA,NA,NA,NA,NA,NA,NA,NA,NA,NA
"114","nil","neu","1",0,1,"3",1,1,1,2,1,"1",19,"1",NA,NA,NA,NA,NA,NA,NA,NA,NA,NA
"114","nil","hap","2",0.666666666666667,1,"3",1,1,1,2,1,"1",19,"1",NA,NA,NA,NA,NA,NA,NA,NA,NA,NA
"114","nil","neu","2",0.333333333333333,1,"3",1,1,1,2,1,"1",19,"1",NA,NA,NA,NA,NA,NA,NA,NA,NA,NA
"115","pos","hap","1",0,1,"1",1,0,1,1,1,"2",20,"1",NA,NA,NA,NA,NA,NA,NA,NA,NA,NA
"115","pos","neu","1",0,1,"1",1,0,1,1,1,"2",20,"1",NA,NA,NA,NA,NA,NA,NA,NA,NA,NA
"115","pos","hap","2",0,1,"1",1,0,1,1,1,"2",20,"1",NA,NA,NA,NA,NA,NA,NA,NA,NA,NA
"115","pos","neu","2",1,1,"1",1,0,1,1,1,"2",20,"1",NA,NA,NA,NA,NA,NA,NA,NA,NA,NA
"116","nil","hap","1",0.666666666666667,1,"2",0,0,1,4,0,"1",18,"2",NA,NA,NA,NA,NA,NA,NA,NA,NA,NA
"116","nil","neu","1",0,1,"2",0,0,1,4,0,"1",18,"2",NA,NA,NA,NA,NA,NA,NA,NA,NA,NA
"116","nil","hap","2",0.666666666666667,1,"2",0,0,1,4,0,"1",18,"2",NA,NA,NA,NA,NA,NA,NA,NA,NA,NA
"116","nil","neu","2",0,1,"2",0,0,1,4,0,"1",18,"2",NA,NA,NA,NA,NA,NA,NA,NA,NA,NA
"117","pos","hap","1",3.66666666666667,1,"4",0,2,1,2,2,"1",21,"4",NA,NA,NA,NA,NA,NA,NA,NA,NA,NA
"117","pos","neu","1",4.66666666666667,1,"4",0,2,1,2,2,"1",21,"4",NA,NA,NA,NA,NA,NA,NA,NA,NA,NA
"117","pos","hap","2",0.666666666666667,1,"4",0,2,1,2,2,"1",21,"4",NA,NA,NA,NA,NA,NA,NA,NA,NA,NA
"117","pos","neu","2",1,1,"4",0,2,1,2,2,"1",21,"4",NA,NA,NA,NA,NA,NA,NA,NA,NA,NA
"118","nil","hap","1",1.66666666666667,1,"2",0,0,1,4,0,"2",21,"1",NA,NA,NA,NA,NA,NA,NA,NA,NA,NA
"118","nil","neu","1",0,1,"2",0,0,1,4,0,"2",21,"1",NA,NA,NA,NA,NA,NA,NA,NA,NA,NA
"118","nil","hap","2",1,1,"2",0,0,1,4,0,"2",21,"1",NA,NA,NA,NA,NA,NA,NA,NA,NA,NA
"118","nil","neu","2",0,1,"2",0,0,1,4,0,"2",21,"1",NA,NA,NA,NA,NA,NA,NA,NA,NA,NA
"119","pos","hap","1",4.33333333333333,1,"1",2,2,2,3,0,"2",22,"1",NA,NA,NA,NA,NA,NA,NA,NA,NA,NA
"119","pos","neu","1",4.66666666666667,1,"1",2,2,2,3,0,"2",22,"1",NA,NA,NA,NA,NA,NA,NA,NA,NA,NA
"119","pos","hap","2",4,1,"1",2,2,2,3,0,"2",22,"1",NA,NA,NA,NA,NA,NA,NA,NA,NA,NA
"119","pos","neu","2",4.33333333333333,1,"1",2,2,2,3,0,"2",22,"1",NA,NA,NA,NA,NA,NA,NA,NA,NA,NA
"120","nil","hap","1",2,1,"1",1,2,2,2,0,"2",21,"1",NA,NA,NA,NA,NA,NA,NA,NA,NA,NA
"120","nil","neu","1",1.66666666666667,1,"1",1,2,2,2,0,"2",21,"1",NA,NA,NA,NA,NA,NA,NA,NA,NA,NA
"120","nil","hap","2",2,1,"1",1,2,2,2,0,"2",21,"1",NA,NA,NA,NA,NA,NA,NA,NA,NA,NA
"120","nil","neu","2",0,1,"1",1,2,2,2,0,"2",21,"1",NA,NA,NA,NA,NA,NA,NA,NA,NA,NA
"121","pos","hap","1",4,1,"1",2,2,2,2,1,"1",19,"1,4",NA,NA,NA,NA,NA,NA,NA,NA,NA,NA
"121","pos","neu","1",0.666666666666667,1,"1",2,2,2,2,1,"1",19,"1,4",NA,NA,NA,NA,NA,NA,NA,NA,NA,NA
"121","pos","hap","2",3.33333333333333,1,"1",2,2,2,2,1,"1",19,"1,4",NA,NA,NA,NA,NA,NA,NA,NA,NA,NA
"121","pos","neu","2",1.33333333333333,1,"1",2,2,2,2,1,"1",19,"1,4",NA,NA,NA,NA,NA,NA,NA,NA,NA,NA
"122","nil","hap","1",0.666666666666667,1,"1",2,-1,1,2,NA,NA,NA,NA,NA,NA,NA,NA,NA,NA,NA,NA,NA,NA
"122","nil","neu","1",0,1,"1",2,-1,1,2,NA,NA,NA,NA,NA,NA,NA,NA,NA,NA,NA,NA,NA,NA
"122","nil","hap","2",0,1,"1",2,-1,1,2,NA,NA,NA,NA,NA,NA,NA,NA,NA,NA,NA,NA,NA,NA
"122","nil","neu","2",0,1,"1",2,-1,1,2,NA,NA,NA,NA,NA,NA,NA,NA,NA,NA,NA,NA,NA,NA
"123","pos","hap","1",NA,NA,NA,NA,NA,NA,NA,NA,NA,NA,NA,NA,NA,NA,NA,NA,NA,NA,NA,NA,NA
"123","pos","neu","1",NA,NA,NA,NA,NA,NA,NA,NA,NA,NA,NA,NA,NA,NA,NA,NA,NA,NA,NA,NA,NA
"123","pos","hap","2",NA,NA,NA,NA,NA,NA,NA,NA,NA,NA,NA,NA,NA,NA,NA,NA,NA,NA,NA,NA,NA
"123","pos","neu","2",NA,NA,NA,NA,NA,NA,NA,NA,NA,NA,NA,NA,NA,NA,NA,NA,NA,NA,NA,NA,NA
"124","nil","hap","1",1.33333333333333,1,"2",2,-1,0,2,0,"1",18,"4",NA,NA,NA,NA,NA,NA,NA,NA,NA,NA
"124","nil","neu","1",0,1,"2",2,-1,0,2,0,"1",18,"4",NA,NA,NA,NA,NA,NA,NA,NA,NA,NA
"124","nil","hap","2",1,1,"2",2,-1,0,2,0,"1",18,"4",NA,NA,NA,NA,NA,NA,NA,NA,NA,NA
"124","nil","neu","2",0,1,"2",2,-1,0,2,0,"1",18,"4",NA,NA,NA,NA,NA,NA,NA,NA,NA,NA
"125","pos","hap","1",2.66666666666667,1,"1",1,3,0,3,-1,"1",18,"4",NA,NA,NA,NA,NA,NA,NA,NA,NA,NA
"125","pos","neu","1",1,1,"1",1,3,0,3,-1,"1",18,"4",NA,NA,NA,NA,NA,NA,NA,NA,NA,NA
"125","pos","hap","2",1.33333333333333,1,"1",1,3,0,3,-1,"1",18,"4",NA,NA,NA,NA,NA,NA,NA,NA,NA,NA
"125","pos","neu","2",1,1,"1",1,3,0,3,-1,"1",18,"4",NA,NA,NA,NA,NA,NA,NA,NA,NA,NA
"126","nil","hap","1",0,1,"2",0,0,0,2,0,"1",19,"4",NA,NA,NA,NA,NA,NA,NA,NA,NA,NA
"126","nil","neu","1",0,1,"2",0,0,0,2,0,"1",19,"4",NA,NA,NA,NA,NA,NA,NA,NA,NA,NA
"126","nil","hap","2",0,1,"2",0,0,0,2,0,"1",19,"4",NA,NA,NA,NA,NA,NA,NA,NA,NA,NA
"126","nil","neu","2",0,1,"2",0,0,0,2,0,"1",19,"4",NA,NA,NA,NA,NA,NA,NA,NA,NA,NA
"127","pos","hap","1",1,1,"1",1,2,1,2,0,"1",19,"1",NA,NA,NA,NA,NA,NA,NA,NA,NA,NA
"127","pos","neu","1",1,1,"1",1,2,1,2,0,"1",19,"1",NA,NA,NA,NA,NA,NA,NA,NA,NA,NA
"127","pos","hap","2",1,1,"1",1,2,1,2,0,"1",19,"1",NA,NA,NA,NA,NA,NA,NA,NA,NA,NA
"127","pos","neu","2",1,1,"1",1,2,1,2,0,"1",19,"1",NA,NA,NA,NA,NA,NA,NA,NA,NA,NA
"128","nil","hap","1",0.666666666666667,1,"1",3,3,3,4,0,"1",18,"1,4",NA,NA,NA,NA,NA,NA,NA,NA,NA,NA
"128","nil","neu","1",4,1,"1",3,3,3,4,0,"1",18,"1,4",NA,NA,NA,NA,NA,NA,NA,NA,NA,NA
"128","nil","hap","2",1,1,"1",3,3,3,4,0,"1",18,"1,4",NA,NA,NA,NA,NA,NA,NA,NA,NA,NA
"128","nil","neu","2",1.66666666666667,1,"1",3,3,3,4,0,"1",18,"1,4",NA,NA,NA,NA,NA,NA,NA,NA,NA,NA
"129","pos","hap","1",1.66666666666667,1,"1",0,1,2,2,0,"1",18,"4",NA,NA,NA,NA,NA,NA,NA,NA,NA,NA
"129","pos","neu","1",0,1,"1",0,1,2,2,0,"1",18,"4",NA,NA,NA,NA,NA,NA,NA,NA,NA,NA
"129","pos","hap","2",1,1,"1",0,1,2,2,0,"1",18,"4",NA,NA,NA,NA,NA,NA,NA,NA,NA,NA
"129","pos","neu","2",0,1,"1",0,1,2,2,0,"1",18,"4",NA,NA,NA,NA,NA,NA,NA,NA,NA,NA
"130","nil","hap","1",1,1,"2",-1,-2,2,1,0,"1",21,"4",NA,NA,NA,NA,NA,NA,NA,NA,NA,NA
"130","nil","neu","1",0.666666666666667,1,"2",-1,-2,2,1,0,"1",21,"4",NA,NA,NA,NA,NA,NA,NA,NA,NA,NA
"130","nil","hap","2",0.666666666666667,1,"2",-1,-2,2,1,0,"1",21,"4",NA,NA,NA,NA,NA,NA,NA,NA,NA,NA
"130","nil","neu","2",0.666666666666667,1,"2",-1,-2,2,1,0,"1",21,"4",NA,NA,NA,NA,NA,NA,NA,NA,NA,NA
"131","pos","hap","1",0,1,"2",1,0,1,1,0,"2",21,"2",NA,NA,NA,NA,NA,NA,NA,NA,NA,NA
"131","pos","neu","1",2.33333333333333,1,"2",1,0,1,1,0,"2",21,"2",NA,NA,NA,NA,NA,NA,NA,NA,NA,NA
"131","pos","hap","2",0,1,"2",1,0,1,1,0,"2",21,"2",NA,NA,NA,NA,NA,NA,NA,NA,NA,NA
"131","pos","neu","2",0.333333333333333,1,"2",1,0,1,1,0,"2",21,"2",NA,NA,NA,NA,NA,NA,NA,NA,NA,NA
"132","nil","hap","1",NA,NA,NA,NA,NA,NA,NA,NA,NA,NA,NA,NA,NA,NA,NA,NA,NA,NA,NA,NA,NA
"132","nil","neu","1",NA,NA,NA,NA,NA,NA,NA,NA,NA,NA,NA,NA,NA,NA,NA,NA,NA,NA,NA,NA,NA
"132","nil","hap","2",NA,NA,NA,NA,NA,NA,NA,NA,NA,NA,NA,NA,NA,NA,NA,NA,NA,NA,NA,NA,NA
"132","nil","neu","2",NA,NA,NA,NA,NA,NA,NA,NA,NA,NA,NA,NA,NA,NA,NA,NA,NA,NA,NA,NA,NA
"133","pos","hap","1",0.666666666666667,1,"1",1,2,-1,2,0,"1",18,"1",NA,NA,NA,NA,NA,NA,NA,NA,NA,NA
"133","pos","neu","1",0.666666666666667,1,"1",1,2,-1,2,0,"1",18,"1",NA,NA,NA,NA,NA,NA,NA,NA,NA,NA
"133","pos","hap","2",0.333333333333333,1,"1",1,2,-1,2,0,"1",18,"1",NA,NA,NA,NA,NA,NA,NA,NA,NA,NA
"133","pos","neu","2",0,1,"1",1,2,-1,2,0,"1",18,"1",NA,NA,NA,NA,NA,NA,NA,NA,NA,NA
"134","nil","hap","1",0,1,"2",1,0,2,4,NA,NA,NA,NA,NA,NA,NA,NA,NA,NA,NA,NA,NA,NA
"134","nil","neu","1",0,1,"2",1,0,2,4,NA,NA,NA,NA,NA,NA,NA,NA,NA,NA,NA,NA,NA,NA
"134","nil","hap","2",0.333333333333333,1,"2",1,0,2,4,NA,NA,NA,NA,NA,NA,NA,NA,NA,NA,NA,NA,NA,NA
"134","nil","neu","2",0,1,"2",1,0,2,4,NA,NA,NA,NA,NA,NA,NA,NA,NA,NA,NA,NA,NA,NA
"135","nil","hap","1",NA,NA,NA,NA,NA,NA,NA,NA,NA,NA,NA,NA,NA,NA,NA,NA,NA,NA,NA,NA,NA
"135","nil","neu","1",NA,NA,NA,NA,NA,NA,NA,NA,NA,NA,NA,NA,NA,NA,NA,NA,NA,NA,NA,NA,NA
"135","nil","hap","2",NA,NA,NA,NA,NA,NA,NA,NA,NA,NA,NA,NA,NA,NA,NA,NA,NA,NA,NA,NA,NA
"135","nil","neu","2",NA,NA,NA,NA,NA,NA,NA,NA,NA,NA,NA,NA,NA,NA,NA,NA,NA,NA,NA,NA,NA
"136","pos","hap","1",1.33333333333333,1,"1",0,2,1,2,0,"1",19,"7",NA,NA,NA,NA,NA,NA,NA,NA,NA,NA
"136","pos","neu","1",0.666666666666667,1,"1",0,2,1,2,0,"1",19,"7",NA,NA,NA,NA,NA,NA,NA,NA,NA,NA
"136","pos","hap","2",1,1,"1",0,2,1,2,0,"1",19,"7",NA,NA,NA,NA,NA,NA,NA,NA,NA,NA
"136","pos","neu","2",0.333333333333333,1,"1",0,2,1,2,0,"1",19,"7",NA,NA,NA,NA,NA,NA,NA,NA,NA,NA
"137","nil","hap","1",0.333333333333333,1,"2",0,0,3,2,1,"1",18,"1",NA,NA,NA,NA,NA,NA,NA,NA,NA,NA
"137","nil","neu","1",0.333333333333333,1,"2",0,0,3,2,1,"1",18,"1",NA,NA,NA,NA,NA,NA,NA,NA,NA,NA
"137","nil","hap","2",0.666666666666667,1,"2",0,0,3,2,1,"1",18,"1",NA,NA,NA,NA,NA,NA,NA,NA,NA,NA
"137","nil","neu","2",0,1,"2",0,0,3,2,1,"1",18,"1",NA,NA,NA,NA,NA,NA,NA,NA,NA,NA
"138","pos","hap","1",0.333333333333333,1,"1",1,0,2,0,0,"1",20,"1",NA,NA,NA,NA,NA,NA,NA,NA,NA,NA
"138","pos","neu","1",2,1,"1",1,0,2,0,0,"1",20,"1",NA,NA,NA,NA,NA,NA,NA,NA,NA,NA
"138","pos","hap","2",2,1,"1",1,0,2,0,0,"1",20,"1",NA,NA,NA,NA,NA,NA,NA,NA,NA,NA
"138","pos","neu","2",0,1,"1",1,0,2,0,0,"1",20,"1",NA,NA,NA,NA,NA,NA,NA,NA,NA,NA
"139","nil","hap","1",3.33333333333333,1,"2",-1,0,1,2,0,"2",20,"4",NA,NA,NA,NA,NA,NA,NA,NA,NA,NA
"139","nil","neu","1",3.66666666666667,1,"2",-1,0,1,2,0,"2",20,"4",NA,NA,NA,NA,NA,NA,NA,NA,NA,NA
"139","nil","hap","2",0.666666666666667,1,"2",-1,0,1,2,0,"2",20,"4",NA,NA,NA,NA,NA,NA,NA,NA,NA,NA
"139","nil","neu","2",0,1,"2",-1,0,1,2,0,"2",20,"4",NA,NA,NA,NA,NA,NA,NA,NA,NA,NA
"140","pos","hap","1",0,1,"1",2,2,-2,3,0,"2",19,"1",NA,NA,NA,NA,NA,NA,NA,NA,NA,NA
"140","pos","neu","1",0,1,"1",2,2,-2,3,0,"2",19,"1",NA,NA,NA,NA,NA,NA,NA,NA,NA,NA
"140","pos","hap","2",0,1,"1",2,2,-2,3,0,"2",19,"1",NA,NA,NA,NA,NA,NA,NA,NA,NA,NA
"140","pos","neu","2",0,1,"1",2,2,-2,3,0,"2",19,"1",NA,NA,NA,NA,NA,NA,NA,NA,NA,NA
"141","nil","hap","1",2.33333333333333,1,"2",2,1,1,2,2,"2",19,"4",NA,NA,NA,NA,NA,NA,NA,NA,NA,NA
"141","nil","neu","1",2,1,"2",2,1,1,2,2,"2",19,"4",NA,NA,NA,NA,NA,NA,NA,NA,NA,NA
"141","nil","hap","2",1.66666666666667,1,"2",2,1,1,2,2,"2",19,"4",NA,NA,NA,NA,NA,NA,NA,NA,NA,NA
"141","nil","neu","2",1.33333333333333,1,"2",2,1,1,2,2,"2",19,"4",NA,NA,NA,NA,NA,NA,NA,NA,NA,NA
"142","pos","hap","1",0,1,"1",2,1,3,2,0,"1",20,"6",NA,NA,NA,NA,NA,NA,NA,NA,NA,NA
"142","pos","neu","1",0,1,"1",2,1,3,2,0,"1",20,"6",NA,NA,NA,NA,NA,NA,NA,NA,NA,NA
"142","pos","hap","2",0,1,"1",2,1,3,2,0,"1",20,"6",NA,NA,NA,NA,NA,NA,NA,NA,NA,NA
"142","pos","neu","2",0,1,"1",2,1,3,2,0,"1",20,"6",NA,NA,NA,NA,NA,NA,NA,NA,NA,NA
"143","nil","hap","1",0,1,"2",0,0,0,4,0,"1",NA,"4",NA,NA,NA,NA,NA,NA,NA,NA,NA,NA
"143","nil","neu","1",0,1,"2",0,0,0,4,0,"1",NA,"4",NA,NA,NA,NA,NA,NA,NA,NA,NA,NA
"143","nil","hap","2",0,1,"2",0,0,0,4,0,"1",NA,"4",NA,NA,NA,NA,NA,NA,NA,NA,NA,NA
"143","nil","neu","2",0,1,"2",0,0,0,4,0,"1",NA,"4",NA,NA,NA,NA,NA,NA,NA,NA,NA,NA
"144","pos","hap","1",2,1,"1",1,1,2,1,1,"2",20,"1",NA,NA,NA,NA,NA,NA,NA,NA,NA,NA
"144","pos","neu","1",0.333333333333333,1,"1",1,1,2,1,1,"2",20,"1",NA,NA,NA,NA,NA,NA,NA,NA,NA,NA
"144","pos","hap","2",1,1,"1",1,1,2,1,1,"2",20,"1",NA,NA,NA,NA,NA,NA,NA,NA,NA,NA
"144","pos","neu","2",0.333333333333333,1,"1",1,1,2,1,1,"2",20,"1",NA,NA,NA,NA,NA,NA,NA,NA,NA,NA
"145","nil","hap","1",3.33333333333333,1,"3",0,0,0,2,0,"2",21,"4",NA,NA,NA,NA,NA,NA,NA,NA,NA,NA
"145","nil","neu","1",2,1,"3",0,0,0,2,0,"2",21,"4",NA,NA,NA,NA,NA,NA,NA,NA,NA,NA
"145","nil","hap","2",2,1,"3",0,0,0,2,0,"2",21,"4",NA,NA,NA,NA,NA,NA,NA,NA,NA,NA
"145","nil","neu","2",2,1,"3",0,0,0,2,0,"2",21,"4",NA,NA,NA,NA,NA,NA,NA,NA,NA,NA
"146","pos","hap","1",1.66666666666667,1,"1",1,1,-2,3,0,"2",20,"6",NA,NA,NA,NA,NA,NA,NA,NA,NA,NA
"146","pos","neu","1",0.666666666666667,1,"1",1,1,-2,3,0,"2",20,"6",NA,NA,NA,NA,NA,NA,NA,NA,NA,NA
"146","pos","hap","2",1.33333333333333,1,"1",1,1,-2,3,0,"2",20,"6",NA,NA,NA,NA,NA,NA,NA,NA,NA,NA
"146","pos","neu","2",0,1,"1",1,1,-2,3,0,"2",20,"6",NA,NA,NA,NA,NA,NA,NA,NA,NA,NA
"147","pos","hap","1",1.66666666666667,1,"1",1,2,2,3,1,"1",18,"1",NA,NA,NA,NA,NA,NA,NA,NA,NA,NA
"147","pos","neu","1",0,1,"1",1,2,2,3,1,"1",18,"1",NA,NA,NA,NA,NA,NA,NA,NA,NA,NA
"147","pos","hap","2",1.33333333333333,1,"1",1,2,2,3,1,"1",18,"1",NA,NA,NA,NA,NA,NA,NA,NA,NA,NA
"147","pos","neu","2",0,1,"1",1,2,2,3,1,"1",18,"1",NA,NA,NA,NA,NA,NA,NA,NA,NA,NA
"148","nil","hap","1",0,1,"2",0,1,2,2,1,"2",22,"1",NA,NA,NA,NA,NA,NA,NA,NA,NA,NA
"148","nil","neu","1",0.333333333333333,1,"2",0,1,2,2,1,"2",22,"1",NA,NA,NA,NA,NA,NA,NA,NA,NA,NA
"148","nil","hap","2",0,1,"2",0,1,2,2,1,"2",22,"1",NA,NA,NA,NA,NA,NA,NA,NA,NA,NA
"148","nil","neu","2",0.666666666666667,1,"2",0,1,2,2,1,"2",22,"1",NA,NA,NA,NA,NA,NA,NA,NA,NA,NA
"149","nil","hap","1",1.33333333333333,1,"1",0,2,1,4,0,"2",19,"2",NA,NA,NA,NA,NA,NA,NA,NA,NA,NA
"149","nil","neu","1",0,1,"1",0,2,1,4,0,"2",19,"2",NA,NA,NA,NA,NA,NA,NA,NA,NA,NA
"149","nil","hap","2",1,1,"1",0,2,1,4,0,"2",19,"2",NA,NA,NA,NA,NA,NA,NA,NA,NA,NA
"149","nil","neu","2",0,1,"1",0,2,1,4,0,"2",19,"2",NA,NA,NA,NA,NA,NA,NA,NA,NA,NA
"150","nil","hap","1",0.333333333333333,1,"2",1,2,-1,1,0,"2",20,"1",NA,NA,NA,NA,NA,NA,NA,NA,NA,NA
"150","nil","neu","1",0,1,"2",1,2,-1,1,0,"2",20,"1",NA,NA,NA,NA,NA,NA,NA,NA,NA,NA
"150","nil","hap","2",0.333333333333333,1,"2",1,2,-1,1,0,"2",20,"1",NA,NA,NA,NA,NA,NA,NA,NA,NA,NA
"150","nil","neu","2",0,1,"2",1,2,-1,1,0,"2",20,"1",NA,NA,NA,NA,NA,NA,NA,NA,NA,NA
"151","pos","hap","1",NA,NA,NA,NA,NA,NA,NA,NA,NA,NA,NA,NA,NA,NA,NA,NA,NA,NA,NA,NA,NA
"151","pos","neu","1",NA,NA,NA,NA,NA,NA,NA,NA,NA,NA,NA,NA,NA,NA,NA,NA,NA,NA,NA,NA,NA
"151","pos","hap","2",NA,NA,NA,NA,NA,NA,NA,NA,NA,NA,NA,NA,NA,NA,NA,NA,NA,NA,NA,NA,NA
"151","pos","neu","2",NA,NA,NA,NA,NA,NA,NA,NA,NA,NA,NA,NA,NA,NA,NA,NA,NA,NA,NA,NA,NA
"152","pos","hap","1",1.66666666666667,1,"1",2,1,1,2,1,"2",20,"1,4",NA,NA,NA,NA,NA,NA,NA,NA,NA,NA
"152","pos","neu","1",0,1,"1",2,1,1,2,1,"2",20,"1,4",NA,NA,NA,NA,NA,NA,NA,NA,NA,NA
"152","pos","hap","2",0.333333333333333,1,"1",2,1,1,2,1,"2",20,"1,4",NA,NA,NA,NA,NA,NA,NA,NA,NA,NA
"152","pos","neu","2",0,1,"1",2,1,1,2,1,"2",20,"1,4",NA,NA,NA,NA,NA,NA,NA,NA,NA,NA
"153","nil","hap","1",0.666666666666667,1,"2",-1,0,-1,0,0,"1",18,"4",NA,NA,NA,NA,NA,3,0,0,-1,0
"153","nil","neu","1",0.333333333333333,1,"2",-1,0,-1,0,0,"1",18,"4",NA,NA,NA,NA,NA,3,0,0,-1,0
"153","nil","hap","2",0.666666666666667,1,"2",-1,0,-1,0,0,"1",18,"4",NA,NA,NA,NA,NA,3,0,0,-1,0
"153","nil","neu","2",0.333333333333333,1,"2",-1,0,-1,0,0,"1",18,"4",NA,NA,NA,NA,NA,3,0,0,-1,0
"154","nil","hap","1",0,1,"2",1,3,3,2,0,"1",18,"1",NA,NA,NA,NA,NA,NA,NA,NA,NA,NA
"154","nil","neu","1",0,1,"2",1,3,3,2,0,"1",18,"1",NA,NA,NA,NA,NA,NA,NA,NA,NA,NA
"154","nil","hap","2",0.333333333333333,1,"2",1,3,3,2,0,"1",18,"1",NA,NA,NA,NA,NA,NA,NA,NA,NA,NA
"154","nil","neu","2",0,1,"2",1,3,3,2,0,"1",18,"1",NA,NA,NA,NA,NA,NA,NA,NA,NA,NA
"155","pos","hap","1",NA,NA,NA,NA,NA,NA,NA,NA,NA,NA,NA,NA,NA,NA,NA,NA,NA,NA,NA,NA,NA
"155","pos","neu","1",NA,NA,NA,NA,NA,NA,NA,NA,NA,NA,NA,NA,NA,NA,NA,NA,NA,NA,NA,NA,NA
"155","pos","hap","2",NA,NA,NA,NA,NA,NA,NA,NA,NA,NA,NA,NA,NA,NA,NA,NA,NA,NA,NA,NA,NA
"155","pos","neu","2",NA,NA,NA,NA,NA,NA,NA,NA,NA,NA,NA,NA,NA,NA,NA,NA,NA,NA,NA,NA,NA
"156","pos","hap","1",1,1,"1",-1,2,0,4,0,"2",19,"2",NA,NA,NA,NA,NA,NA,NA,NA,NA,NA
"156","pos","neu","1",0.333333333333333,1,"1",-1,2,0,4,0,"2",19,"2",NA,NA,NA,NA,NA,NA,NA,NA,NA,NA
"156","pos","hap","2",0,1,"1",-1,2,0,4,0,"2",19,"2",NA,NA,NA,NA,NA,NA,NA,NA,NA,NA
"156","pos","neu","2",0,1,"1",-1,2,0,4,0,"2",19,"2",NA,NA,NA,NA,NA,NA,NA,NA,NA,NA
"157","nil","hap","1",0,1,"2",0,1,-2,1,0,"1",21,"1",NA,NA,NA,NA,NA,NA,NA,NA,NA,NA
"157","nil","neu","1",0,1,"2",0,1,-2,1,0,"1",21,"1",NA,NA,NA,NA,NA,NA,NA,NA,NA,NA
"157","nil","hap","2",0,1,"2",0,1,-2,1,0,"1",21,"1",NA,NA,NA,NA,NA,NA,NA,NA,NA,NA
"157","nil","neu","2",0,1,"2",0,1,-2,1,0,"1",21,"1",NA,NA,NA,NA,NA,NA,NA,NA,NA,NA
"158","nil","hap","1",0,1,"1",-3,2,-3,1,-2,"2",18,"2",NA,NA,NA,NA,NA,NA,NA,NA,NA,NA
"158","nil","neu","1",0,1,"1",-3,2,-3,1,-2,"2",18,"2",NA,NA,NA,NA,NA,NA,NA,NA,NA,NA
"158","nil","hap","2",0,1,"1",-3,2,-3,1,-2,"2",18,"2",NA,NA,NA,NA,NA,NA,NA,NA,NA,NA
"158","nil","neu","2",0,1,"1",-3,2,-3,1,-2,"2",18,"2",NA,NA,NA,NA,NA,NA,NA,NA,NA,NA
"159","pos","hap","1",3,1,"1",-3,1,2,2,0,"1",19,"1",NA,NA,NA,NA,NA,NA,NA,NA,NA,NA
"159","pos","neu","1",0,1,"1",-3,1,2,2,0,"1",19,"1",NA,NA,NA,NA,NA,NA,NA,NA,NA,NA
"159","pos","hap","2",3,1,"1",-3,1,2,2,0,"1",19,"1",NA,NA,NA,NA,NA,NA,NA,NA,NA,NA
"159","pos","neu","2",0,1,"1",-3,1,2,2,0,"1",19,"1",NA,NA,NA,NA,NA,NA,NA,NA,NA,NA
"160","nil","hap","1",3.33333333333333,1,"2",-1,2,2,3,0,"2",19,"1,4",NA,NA,NA,NA,NA,NA,NA,NA,NA,NA
"160","nil","neu","1",0,1,"2",-1,2,2,3,0,"2",19,"1,4",NA,NA,NA,NA,NA,NA,NA,NA,NA,NA
"160","nil","hap","2",3.33333333333333,1,"2",-1,2,2,3,0,"2",19,"1,4",NA,NA,NA,NA,NA,NA,NA,NA,NA,NA
"160","nil","neu","2",0,1,"2",-1,2,2,3,0,"2",19,"1,4",NA,NA,NA,NA,NA,NA,NA,NA,NA,NA
"161","pos","hap","1",NA,NA,NA,NA,NA,NA,NA,NA,NA,NA,NA,NA,NA,NA,NA,NA,NA,NA,NA,NA,NA
"161","pos","neu","1",NA,NA,NA,NA,NA,NA,NA,NA,NA,NA,NA,NA,NA,NA,NA,NA,NA,NA,NA,NA,NA
"161","pos","hap","2",NA,NA,NA,NA,NA,NA,NA,NA,NA,NA,NA,NA,NA,NA,NA,NA,NA,NA,NA,NA,NA
"161","pos","neu","2",NA,NA,NA,NA,NA,NA,NA,NA,NA,NA,NA,NA,NA,NA,NA,NA,NA,NA,NA,NA,NA
"162","pos","hap","1",6,1,"1",3,3,3,4,3,"1",19,"1",NA,NA,NA,NA,NA,NA,NA,NA,NA,NA
"162","pos","neu","1",6,1,"1",3,3,3,4,3,"1",19,"1",NA,NA,NA,NA,NA,NA,NA,NA,NA,NA
"162","pos","hap","2",6,1,"1",3,3,3,4,3,"1",19,"1",NA,NA,NA,NA,NA,NA,NA,NA,NA,NA
"162","pos","neu","2",6,1,"1",3,3,3,4,3,"1",19,"1",NA,NA,NA,NA,NA,NA,NA,NA,NA,NA
"163","pos","hap","1",2,1,"1",0,2,3,3,0,"2",21,"1",NA,NA,NA,NA,NA,NA,NA,NA,NA,NA
"163","pos","neu","1",0,1,"1",0,2,3,3,0,"2",21,"1",NA,NA,NA,NA,NA,NA,NA,NA,NA,NA
"163","pos","hap","2",2.66666666666667,1,"1",0,2,3,3,0,"2",21,"1",NA,NA,NA,NA,NA,NA,NA,NA,NA,NA
"163","pos","neu","2",0,1,"1",0,2,3,3,0,"2",21,"1",NA,NA,NA,NA,NA,NA,NA,NA,NA,NA
"164","nil","hap","1",0.333333333333333,1,"2",2,1,2,2,0,"2",20,"4",NA,NA,NA,NA,NA,NA,NA,NA,NA,NA
"164","nil","neu","1",1,1,"2",2,1,2,2,0,"2",20,"4",NA,NA,NA,NA,NA,NA,NA,NA,NA,NA
"164","nil","hap","2",0,1,"2",2,1,2,2,0,"2",20,"4",NA,NA,NA,NA,NA,NA,NA,NA,NA,NA
"164","nil","neu","2",0,1,"2",2,1,2,2,0,"2",20,"4",NA,NA,NA,NA,NA,NA,NA,NA,NA,NA
"165","pos","hap","1",3,1,"1",1,2,3,3,0,"1",18,"4",NA,NA,NA,NA,NA,NA,NA,NA,NA,NA
"165","pos","neu","1",1,1,"1",1,2,3,3,0,"1",18,"4",NA,NA,NA,NA,NA,NA,NA,NA,NA,NA
"165","pos","hap","2",2,1,"1",1,2,3,3,0,"1",18,"4",NA,NA,NA,NA,NA,NA,NA,NA,NA,NA
"165","pos","neu","2",0,1,"1",1,2,3,3,0,"1",18,"4",NA,NA,NA,NA,NA,NA,NA,NA,NA,NA
"166","nil","hap","1",1.66666666666667,1,"1",1,2,1,3,0,"2",21,"1",NA,NA,NA,NA,NA,NA,NA,NA,NA,NA
"166","nil","neu","1",0,1,"1",1,2,1,3,0,"2",21,"1",NA,NA,NA,NA,NA,NA,NA,NA,NA,NA
"166","nil","hap","2",1.33333333333333,1,"1",1,2,1,3,0,"2",21,"1",NA,NA,NA,NA,NA,NA,NA,NA,NA,NA
"166","nil","neu","2",0,1,"1",1,2,1,3,0,"2",21,"1",NA,NA,NA,NA,NA,NA,NA,NA,NA,NA
"167","pos","hap","1",0,1,"1",1,0,0,2,2,"1",18,"1",NA,NA,NA,NA,NA,NA,NA,NA,NA,NA
"167","pos","neu","1",0,1,"1",1,0,0,2,2,"1",18,"1",NA,NA,NA,NA,NA,NA,NA,NA,NA,NA
"167","pos","hap","2",0,1,"1",1,0,0,2,2,"1",18,"1",NA,NA,NA,NA,NA,NA,NA,NA,NA,NA
"167","pos","neu","2",0,1,"1",1,0,0,2,2,"1",18,"1",NA,NA,NA,NA,NA,NA,NA,NA,NA,NA
"168","nil","hap","1",NA,NA,NA,NA,NA,NA,NA,NA,NA,NA,NA,NA,NA,NA,NA,NA,NA,NA,NA,NA,NA
"168","nil","neu","1",NA,NA,NA,NA,NA,NA,NA,NA,NA,NA,NA,NA,NA,NA,NA,NA,NA,NA,NA,NA,NA
"168","nil","hap","2",NA,NA,NA,NA,NA,NA,NA,NA,NA,NA,NA,NA,NA,NA,NA,NA,NA,NA,NA,NA,NA
"168","nil","neu","2",NA,NA,NA,NA,NA,NA,NA,NA,NA,NA,NA,NA,NA,NA,NA,NA,NA,NA,NA,NA,NA
"169","nil","hap","1",0,1,"2",0,1,-3,2,0,"1",19,"4",NA,NA,NA,NA,NA,NA,NA,NA,NA,NA
"169","nil","neu","1",0,1,"2",0,1,-3,2,0,"1",19,"4",NA,NA,NA,NA,NA,NA,NA,NA,NA,NA
"169","nil","hap","2",0,1,"2",0,1,-3,2,0,"1",19,"4",NA,NA,NA,NA,NA,NA,NA,NA,NA,NA
"169","nil","neu","2",0,1,"2",0,1,-3,2,0,"1",19,"4",NA,NA,NA,NA,NA,NA,NA,NA,NA,NA
"170","pos","hap","1",0.666666666666667,1,"1",0,0,2,1,0,"2",21,"1",NA,NA,NA,NA,NA,NA,NA,NA,NA,NA
"170","pos","neu","1",0,1,"1",0,0,2,1,0,"2",21,"1",NA,NA,NA,NA,NA,NA,NA,NA,NA,NA
"170","pos","hap","2",1.66666666666667,1,"1",0,0,2,1,0,"2",21,"1",NA,NA,NA,NA,NA,NA,NA,NA,NA,NA
"170","pos","neu","2",0.333333333333333,1,"1",0,0,2,1,0,"2",21,"1",NA,NA,NA,NA,NA,NA,NA,NA,NA,NA
"171","nil","hap","1",0,1,"2",0,0,2,2,0,"1",21,"4",NA,NA,NA,NA,NA,NA,NA,NA,NA,NA
"171","nil","neu","1",0,1,"2",0,0,2,2,0,"1",21,"4",NA,NA,NA,NA,NA,NA,NA,NA,NA,NA
"171","nil","hap","2",0,1,"2",0,0,2,2,0,"1",21,"4",NA,NA,NA,NA,NA,NA,NA,NA,NA,NA
"171","nil","neu","2",0,1,"2",0,0,2,2,0,"1",21,"4",NA,NA,NA,NA,NA,NA,NA,NA,NA,NA
"172","pos","hap","1",5,1,"1",3,3,2,3,0,"1",21,"1,6",NA,NA,NA,NA,NA,3,-1,0,-1,3
"172","pos","neu","1",1,1,"1",3,3,2,3,0,"1",21,"1,6",NA,NA,NA,NA,NA,3,-1,0,-1,3
"172","pos","hap","2",1.33333333333333,1,"1",3,3,2,3,0,"1",21,"1,6",NA,NA,NA,NA,NA,3,-1,0,-1,3
"172","pos","neu","2",0,1,"1",3,3,2,3,0,"1",21,"1,6",NA,NA,NA,NA,NA,3,-1,0,-1,3
"173","nil","hap","1",0,1,"2",0,2,3,4,0,"2",20,"1",NA,NA,NA,NA,NA,NA,NA,NA,NA,NA
"173","nil","neu","1",0,1,"2",0,2,3,4,0,"2",20,"1",NA,NA,NA,NA,NA,NA,NA,NA,NA,NA
"173","nil","hap","2",0.666666666666667,1,"2",0,2,3,4,0,"2",20,"1",NA,NA,NA,NA,NA,NA,NA,NA,NA,NA
"173","nil","neu","2",0,1,"2",0,2,3,4,0,"2",20,"1",NA,NA,NA,NA,NA,NA,NA,NA,NA,NA
"174","nil","hap","1",0.666666666666667,1,"2",0,1,-1,3,0,"1",18,"4",3,0,0,0,2,NA,NA,NA,NA,NA
"174","nil","neu","1",0.333333333333333,1,"2",0,1,-1,3,0,"1",18,"4",3,0,0,0,2,NA,NA,NA,NA,NA
"174","nil","hap","2",0,1,"2",0,1,-1,3,0,"1",18,"4",3,0,0,0,2,NA,NA,NA,NA,NA
"174","nil","neu","2",0,1,"2",0,1,-1,3,0,"1",18,"4",3,0,0,0,2,NA,NA,NA,NA,NA
"175","nil","hap","1",NA,NA,NA,NA,NA,NA,NA,NA,NA,NA,NA,NA,NA,NA,NA,NA,NA,NA,NA,NA,NA
"175","nil","neu","1",NA,NA,NA,NA,NA,NA,NA,NA,NA,NA,NA,NA,NA,NA,NA,NA,NA,NA,NA,NA,NA
"175","nil","hap","2",NA,NA,NA,NA,NA,NA,NA,NA,NA,NA,NA,NA,NA,NA,NA,NA,NA,NA,NA,NA,NA
"175","nil","neu","2",NA,NA,NA,NA,NA,NA,NA,NA,NA,NA,NA,NA,NA,NA,NA,NA,NA,NA,NA,NA,NA
"176","pos","hap","1",NA,NA,NA,NA,NA,NA,NA,NA,NA,NA,NA,NA,NA,NA,NA,NA,NA,NA,NA,NA,NA
"176","pos","neu","1",NA,NA,NA,NA,NA,NA,NA,NA,NA,NA,NA,NA,NA,NA,NA,NA,NA,NA,NA,NA,NA
"176","pos","hap","2",NA,NA,NA,NA,NA,NA,NA,NA,NA,NA,NA,NA,NA,NA,NA,NA,NA,NA,NA,NA,NA
"176","pos","neu","2",0,NA,NA,NA,NA,NA,NA,NA,NA,NA,NA,NA,NA,NA,NA,NA,NA,NA,NA,NA,NA
"177","pos","hap","1",NA,NA,NA,NA,NA,NA,NA,NA,NA,NA,NA,NA,NA,NA,NA,NA,NA,NA,NA,NA,NA
"177","pos","neu","1",NA,NA,NA,NA,NA,NA,NA,NA,NA,NA,NA,NA,NA,NA,NA,NA,NA,NA,NA,NA,NA
"177","pos","hap","2",NA,NA,NA,NA,NA,NA,NA,NA,NA,NA,NA,NA,NA,NA,NA,NA,NA,NA,NA,NA,NA
"177","pos","neu","2",NA,NA,NA,NA,NA,NA,NA,NA,NA,NA,NA,NA,NA,NA,NA,NA,NA,NA,NA,NA,NA
"178","nil","hap","1",4,1,NA,NA,NA,NA,NA,NA,NA,NA,NA,NA,NA,NA,NA,NA,NA,NA,NA,NA,NA
"178","nil","neu","1",6,1,NA,NA,NA,NA,NA,NA,NA,NA,NA,NA,NA,NA,NA,NA,NA,NA,NA,NA,NA
"178","nil","hap","2",NA,1,NA,NA,NA,NA,NA,NA,NA,NA,NA,NA,NA,NA,NA,NA,NA,NA,NA,NA,NA
"178","nil","neu","2",NA,1,NA,NA,NA,NA,NA,NA,NA,NA,NA,NA,NA,NA,NA,NA,NA,NA,NA,NA,NA
"179","pos","hap","1",1,1,"1",1,2,2,3,0,"1",20,"4",NA,NA,NA,NA,NA,NA,NA,NA,NA,NA
"179","pos","neu","1",0.333333333333333,1,"1",1,2,2,3,0,"1",20,"4",NA,NA,NA,NA,NA,NA,NA,NA,NA,NA
"179","pos","hap","2",0.666666666666667,1,"1",1,2,2,3,0,"1",20,"4",NA,NA,NA,NA,NA,NA,NA,NA,NA,NA
"179","pos","neu","2",0.666666666666667,1,"1",1,2,2,3,0,"1",20,"4",NA,NA,NA,NA,NA,NA,NA,NA,NA,NA
"180","pos","hap","1",NA,NA,NA,NA,NA,NA,NA,NA,NA,NA,NA,NA,NA,NA,NA,NA,NA,NA,NA,NA,NA
"180","pos","neu","1",NA,NA,NA,NA,NA,NA,NA,NA,NA,NA,NA,NA,NA,NA,NA,NA,NA,NA,NA,NA,NA
"180","pos","hap","2",NA,NA,NA,NA,NA,NA,NA,NA,NA,NA,NA,NA,NA,NA,NA,NA,NA,NA,NA,NA,NA
"180","pos","neu","2",NA,NA,NA,NA,NA,NA,NA,NA,NA,NA,NA,NA,NA,NA,NA,NA,NA,NA,NA,NA,NA
"181","nil","hap","1",0,1,"2",0,1,3,2,1,"2",21,"1",NA,NA,NA,NA,NA,NA,NA,NA,NA,NA
"181","nil","neu","1",0,1,"2",0,1,3,2,1,"2",21,"1",NA,NA,NA,NA,NA,NA,NA,NA,NA,NA
"181","nil","hap","2",0,1,"2",0,1,3,2,1,"2",21,"1",NA,NA,NA,NA,NA,NA,NA,NA,NA,NA
"181","nil","neu","2",2,1,"2",0,1,3,2,1,"2",21,"1",NA,NA,NA,NA,NA,NA,NA,NA,NA,NA
"182","pos","hap","1",0,1,"1",1,1,0,1,0,"1",22,"1,4",1,1,1,1,3,NA,NA,NA,NA,NA
"182","pos","neu","1",0,1,"1",1,1,0,1,0,"1",22,"1,4",1,1,1,1,3,NA,NA,NA,NA,NA
"182","pos","hap","2",0,1,"1",1,1,0,1,0,"1",22,"1,4",1,1,1,1,3,NA,NA,NA,NA,NA
"182","pos","neu","2",0,1,"1",1,1,0,1,0,"1",22,"1,4",1,1,1,1,3,NA,NA,NA,NA,NA
"183","pos","hap","1",1,1,"1",0,1,2,3,0,"2",21,"4",NA,NA,NA,NA,NA,NA,NA,NA,NA,NA
"183","pos","neu","1",0,1,"1",0,1,2,3,0,"2",21,"4",NA,NA,NA,NA,NA,NA,NA,NA,NA,NA
"183","pos","hap","2",2,1,"1",0,1,2,3,0,"2",21,"4",NA,NA,NA,NA,NA,NA,NA,NA,NA,NA
"183","pos","neu","2",0,1,"1",0,1,2,3,0,"2",21,"4",NA,NA,NA,NA,NA,NA,NA,NA,NA,NA
"184","nil","hap","1",0,1,"2",1,2,1,2,0,"2",21,"4",NA,NA,NA,NA,NA,NA,NA,NA,NA,NA
"184","nil","neu","1",0,1,"2",1,2,1,2,0,"2",21,"4",NA,NA,NA,NA,NA,NA,NA,NA,NA,NA
"184","nil","hap","2",0,1,"2",1,2,1,2,0,"2",21,"4",NA,NA,NA,NA,NA,NA,NA,NA,NA,NA
"184","nil","neu","2",0,1,"2",1,2,1,2,0,"2",21,"4",NA,NA,NA,NA,NA,NA,NA,NA,NA,NA
"185","pos","hap","1",0.333333333333333,1,"1",2,0,0,2,2,"2",21,"4",NA,NA,NA,NA,NA,NA,NA,NA,NA,NA
"185","pos","neu","1",0,1,"1",2,0,0,2,2,"2",21,"4",NA,NA,NA,NA,NA,NA,NA,NA,NA,NA
"185","pos","hap","2",0,1,"1",2,0,0,2,2,"2",21,"4",NA,NA,NA,NA,NA,NA,NA,NA,NA,NA
"185","pos","neu","2",0.666666666666667,1,"1",2,0,0,2,2,"2",21,"4",NA,NA,NA,NA,NA,NA,NA,NA,NA,NA
"186","nil","hap","1",0,1,"2",0,1,0,0,0,"2",20,"1",NA,NA,NA,NA,NA,NA,NA,NA,NA,NA
"186","nil","neu","1",0.333333333333333,1,"2",0,1,0,0,0,"2",20,"1",NA,NA,NA,NA,NA,NA,NA,NA,NA,NA
"186","nil","hap","2",0,1,"2",0,1,0,0,0,"2",20,"1",NA,NA,NA,NA,NA,NA,NA,NA,NA,NA
"186","nil","neu","2",0.333333333333333,1,"2",0,1,0,0,0,"2",20,"1",NA,NA,NA,NA,NA,NA,NA,NA,NA,NA
"187","pos","hap","1",0,1,"1",0,0,0,0,0,"2",21,"1",NA,NA,NA,NA,NA,NA,NA,NA,NA,NA
"187","pos","neu","1",0,1,"1",0,0,0,0,0,"2",21,"1",NA,NA,NA,NA,NA,NA,NA,NA,NA,NA
"187","pos","hap","2",0,1,"1",0,0,0,0,0,"2",21,"1",NA,NA,NA,NA,NA,NA,NA,NA,NA,NA
"187","pos","neu","2",0,1,"1",0,0,0,0,0,"2",21,"1",NA,NA,NA,NA,NA,NA,NA,NA,NA,NA
"188","pos","hap","1",0,1,"3",0,0,0,2,0,"2",19,"6",NA,NA,NA,NA,NA,NA,NA,NA,NA,NA
"188","pos","neu","1",0,1,"3",0,0,0,2,0,"2",19,"6",NA,NA,NA,NA,NA,NA,NA,NA,NA,NA
"188","pos","hap","2",0,1,"3",0,0,0,2,0,"2",19,"6",NA,NA,NA,NA,NA,NA,NA,NA,NA,NA
"188","pos","neu","2",0,1,"3",0,0,0,2,0,"2",19,"6",NA,NA,NA,NA,NA,NA,NA,NA,NA,NA
"189","nil","hap","1",0.333333333333333,1,"2",0,-1,-2,4,0,"2",22,"1",NA,NA,NA,NA,NA,NA,NA,NA,NA,NA
"189","nil","neu","1",1,1,"2",0,-1,-2,4,0,"2",22,"1",NA,NA,NA,NA,NA,NA,NA,NA,NA,NA
"189","nil","hap","2",2,1,"2",0,-1,-2,4,0,"2",22,"1",NA,NA,NA,NA,NA,NA,NA,NA,NA,NA
"189","nil","neu","2",0.666666666666667,1,"2",0,-1,-2,4,0,"2",22,"1",NA,NA,NA,NA,NA,NA,NA,NA,NA,NA
"190","nil","hap","1",2.66666666666667,1,"1",2,3,3,1,3,"1",20,"1",NA,NA,NA,NA,NA,NA,NA,NA,NA,NA
"190","nil","neu","1",2,1,"1",2,3,3,1,3,"1",20,"1",NA,NA,NA,NA,NA,NA,NA,NA,NA,NA
"190","nil","hap","2",3,1,"1",2,3,3,1,3,"1",20,"1",NA,NA,NA,NA,NA,NA,NA,NA,NA,NA
"190","nil","neu","2",0.666666666666667,1,"1",2,3,3,1,3,"1",20,"1",NA,NA,NA,NA,NA,NA,NA,NA,NA,NA
"191","pos","hap","1",1,1,"1",2,1,2,3,1,"2",19,"1",NA,NA,NA,NA,NA,NA,NA,NA,NA,NA
"191","pos","neu","1",0,1,"1",2,1,2,3,1,"2",19,"1",NA,NA,NA,NA,NA,NA,NA,NA,NA,NA
"191","pos","hap","2",1,1,"1",2,1,2,3,1,"2",19,"1",NA,NA,NA,NA,NA,NA,NA,NA,NA,NA
"191","pos","neu","2",0,1,"1",2,1,2,3,1,"2",19,"1",NA,NA,NA,NA,NA,NA,NA,NA,NA,NA
"192","nil","hap","1",2,1,"2",2,2,2,1,0,"2",19,"1",NA,NA,NA,NA,NA,NA,NA,NA,NA,NA
"192","nil","neu","1",0,1,"2",2,2,2,1,0,"2",19,"1",NA,NA,NA,NA,NA,NA,NA,NA,NA,NA
"192","nil","hap","2",0,1,"2",2,2,2,1,0,"2",19,"1",NA,NA,NA,NA,NA,NA,NA,NA,NA,NA
"192","nil","neu","2",0,1,"2",2,2,2,1,0,"2",19,"1",NA,NA,NA,NA,NA,NA,NA,NA,NA,NA
"193","nil","hap","1",6,1,"4",3,3,2,4,NA,NA,NA,NA,NA,NA,NA,NA,NA,NA,NA,NA,NA,NA
"193","nil","neu","1",5,1,"4",3,3,2,4,NA,NA,NA,NA,NA,NA,NA,NA,NA,NA,NA,NA,NA,NA
"193","nil","hap","2",5,1,"4",3,3,2,4,NA,NA,NA,NA,NA,NA,NA,NA,NA,NA,NA,NA,NA,NA
"193","nil","neu","2",5,1,"4",3,3,2,4,NA,NA,NA,NA,NA,NA,NA,NA,NA,NA,NA,NA,NA,NA
"194","pos","hap","1",0.666666666666667,1,"1",0,1,0,2,0,"2",19,"4",NA,NA,NA,NA,NA,NA,NA,NA,NA,NA
"194","pos","neu","1",0,1,"1",0,1,0,2,0,"2",19,"4",NA,NA,NA,NA,NA,NA,NA,NA,NA,NA
"194","pos","hap","2",0.666666666666667,1,"1",0,1,0,2,0,"2",19,"4",NA,NA,NA,NA,NA,NA,NA,NA,NA,NA
"194","pos","neu","2",0.333333333333333,1,"1",0,1,0,2,0,"2",19,"4",NA,NA,NA,NA,NA,NA,NA,NA,NA,NA
"195","pos","hap","1",1.33333333333333,1,"1",0,1,0,3,0,"2",22,"4",NA,NA,NA,NA,NA,NA,NA,NA,NA,NA
"195","pos","neu","1",0,1,"1",0,1,0,3,0,"2",22,"4",NA,NA,NA,NA,NA,NA,NA,NA,NA,NA
"195","pos","hap","2",0,1,"1",0,1,0,3,0,"2",22,"4",NA,NA,NA,NA,NA,NA,NA,NA,NA,NA
"195","pos","neu","2",0,1,"1",0,1,0,3,0,"2",22,"4",NA,NA,NA,NA,NA,NA,NA,NA,NA,NA
"196","nil","hap","1",0,1,"1",1,1,1,1,0,"1",21,"1",NA,NA,NA,NA,NA,NA,NA,NA,NA,NA
"196","nil","neu","1",0.333333333333333,1,"1",1,1,1,1,0,"1",21,"1",NA,NA,NA,NA,NA,NA,NA,NA,NA,NA
"196","nil","hap","2",1,1,"1",1,1,1,1,0,"1",21,"1",NA,NA,NA,NA,NA,NA,NA,NA,NA,NA
"196","nil","neu","2",1,1,"1",1,1,1,1,0,"1",21,"1",NA,NA,NA,NA,NA,NA,NA,NA,NA,NA
"197","pos","hap","1",1,1,"1",0,2,1,2,0,"3",22,"4",NA,NA,NA,NA,NA,NA,NA,NA,NA,NA
"197","pos","neu","1",0,1,"1",0,2,1,2,0,"3",22,"4",NA,NA,NA,NA,NA,NA,NA,NA,NA,NA
"197","pos","hap","2",1.33333333333333,1,"1",0,2,1,2,0,"3",22,"4",NA,NA,NA,NA,NA,NA,NA,NA,NA,NA
"197","pos","neu","2",0,1,"1",0,2,1,2,0,"3",22,"4",NA,NA,NA,NA,NA,NA,NA,NA,NA,NA
"198","nil","hap","1",3,1,"1",1,1,2,2,1,"2",20,"1",NA,NA,NA,NA,NA,NA,NA,NA,NA,NA
"198","nil","neu","1",2,1,"1",1,1,2,2,1,"2",20,"1",NA,NA,NA,NA,NA,NA,NA,NA,NA,NA
"198","nil","hap","2",0.666666666666667,1,"1",1,1,2,2,1,"2",20,"1",NA,NA,NA,NA,NA,NA,NA,NA,NA,NA
"198","nil","neu","2",0,1,"1",1,1,2,2,1,"2",20,"1",NA,NA,NA,NA,NA,NA,NA,NA,NA,NA
"199","pos","hap","1",0.333333333333333,1,"1",1,2,2,3,0,"1",20,"1",NA,NA,NA,NA,NA,NA,NA,NA,NA,NA
"199","pos","neu","1",0.666666666666667,1,"1",1,2,2,3,0,"1",20,"1",NA,NA,NA,NA,NA,NA,NA,NA,NA,NA
"199","pos","hap","2",0.666666666666667,1,"1",1,2,2,3,0,"1",20,"1",NA,NA,NA,NA,NA,NA,NA,NA,NA,NA
"199","pos","neu","2",0.333333333333333,1,"1",1,2,2,3,0,"1",20,"1",NA,NA,NA,NA,NA,NA,NA,NA,NA,NA
"200","nil","hap","1",5,1,"1",3,3,3,4,3,"4",90,"5",NA,NA,NA,NA,NA,NA,NA,NA,NA,NA
"200","nil","neu","1",5,1,"1",3,3,3,4,3,"4",90,"5",NA,NA,NA,NA,NA,NA,NA,NA,NA,NA
"200","nil","hap","2",6,1,"1",3,3,3,4,3,"4",90,"5",NA,NA,NA,NA,NA,NA,NA,NA,NA,NA
"200","nil","neu","2",4,1,"1",3,3,3,4,3,"4",90,"5",NA,NA,NA,NA,NA,NA,NA,NA,NA,NA
"201","nil","hap","1",1,1,"2",0,0,3,0,0,"1",20,"1,3",NA,NA,NA,NA,NA,3,0,0,-1,0
"201","nil","neu","1",0,1,"2",0,0,3,0,0,"1",20,"1,3",NA,NA,NA,NA,NA,3,0,0,-1,0
"201","nil","hap","2",0,1,"2",0,0,3,0,0,"1",20,"1,3",NA,NA,NA,NA,NA,3,0,0,-1,0
"201","nil","neu","2",0,1,"2",0,0,3,0,0,"1",20,"1,3",NA,NA,NA,NA,NA,3,0,0,-1,0
"202","pos","hap","1",1,1,"1",2,3,3,4,0,"2",20,"4",NA,NA,NA,NA,NA,1,0,2,2,4
"202","pos","neu","1",0.666666666666667,1,"1",2,3,3,4,0,"2",20,"4",NA,NA,NA,NA,NA,1,0,2,2,4
"202","pos","hap","2",1.33333333333333,1,"1",2,3,3,4,0,"2",20,"4",NA,NA,NA,NA,NA,1,0,2,2,4
"202","pos","neu","2",0,1,"1",2,3,3,4,0,"2",20,"4",NA,NA,NA,NA,NA,1,0,2,2,4
"203","pos","hap","1",0,1,"1",0,2,-1,4,0,"1",19,"6",NA,NA,NA,NA,NA,NA,NA,NA,NA,NA
"203","pos","neu","1",0,1,"1",0,2,-1,4,0,"1",19,"6",NA,NA,NA,NA,NA,NA,NA,NA,NA,NA
"203","pos","hap","2",0,1,"1",0,2,-1,4,0,"1",19,"6",NA,NA,NA,NA,NA,NA,NA,NA,NA,NA
"203","pos","neu","2",0,1,"1",0,2,-1,4,0,"1",19,"6",NA,NA,NA,NA,NA,NA,NA,NA,NA,NA
"204","nil","hap","1",2.33333333333333,1,"1",0,1,-1,1,0,"2",19,"1",NA,NA,NA,NA,NA,NA,NA,NA,NA,NA
"204","nil","neu","1",0.333333333333333,1,"1",0,1,-1,1,0,"2",19,"1",NA,NA,NA,NA,NA,NA,NA,NA,NA,NA
"204","nil","hap","2",1,1,"1",0,1,-1,1,0,"2",19,"1",NA,NA,NA,NA,NA,NA,NA,NA,NA,NA
"204","nil","neu","2",0,1,"1",0,1,-1,1,0,"2",19,"1",NA,NA,NA,NA,NA,NA,NA,NA,NA,NA
"205","pos","hap","1",NA,NA,NA,NA,NA,NA,NA,NA,NA,NA,NA,NA,NA,NA,NA,NA,NA,NA,NA,NA,NA
"205","pos","neu","1",NA,NA,NA,NA,NA,NA,NA,NA,NA,NA,NA,NA,NA,NA,NA,NA,NA,NA,NA,NA,NA
"205","pos","hap","2",NA,NA,NA,NA,NA,NA,NA,NA,NA,NA,NA,NA,NA,NA,NA,NA,NA,NA,NA,NA,NA
"205","pos","neu","2",NA,NA,NA,NA,NA,NA,NA,NA,NA,NA,NA,NA,NA,NA,NA,NA,NA,NA,NA,NA,NA
"206","nil","hap","1",1.33333333333333,1,"2",1,2,-1,2,0,"2",21,"2",3,3,3,0,4,NA,NA,NA,NA,NA
"206","nil","neu","1",0,1,"2",1,2,-1,2,0,"2",21,"2",3,3,3,0,4,NA,NA,NA,NA,NA
"206","nil","hap","2",0.666666666666667,1,"2",1,2,-1,2,0,"2",21,"2",3,3,3,0,4,NA,NA,NA,NA,NA
"206","nil","neu","2",0,1,"2",1,2,-1,2,0,"2",21,"2",3,3,3,0,4,NA,NA,NA,NA,NA
"207","nil","hap","1",0,1,"3",-1,-1,-1,1,-2,"2",22,"6",NA,NA,NA,NA,NA,NA,NA,NA,NA,NA
"207","nil","neu","1",0,1,"3",-1,-1,-1,1,-2,"2",22,"6",NA,NA,NA,NA,NA,NA,NA,NA,NA,NA
"207","nil","hap","2",0.333333333333333,1,"3",-1,-1,-1,1,-2,"2",22,"6",NA,NA,NA,NA,NA,NA,NA,NA,NA,NA
"207","nil","neu","2",0,1,"3",-1,-1,-1,1,-2,"2",22,"6",NA,NA,NA,NA,NA,NA,NA,NA,NA,NA
"208","pos","hap","1",1,1,"1",0,1,2,1,0,"1",18,"1,4",NA,NA,NA,NA,NA,NA,NA,NA,NA,NA
"208","pos","neu","1",0.333333333333333,1,"1",0,1,2,1,0,"1",18,"1,4",NA,NA,NA,NA,NA,NA,NA,NA,NA,NA
"208","pos","hap","2",2.33333333333333,1,"1",0,1,2,1,0,"1",18,"1,4",NA,NA,NA,NA,NA,NA,NA,NA,NA,NA
"208","pos","neu","2",0.333333333333333,1,"1",0,1,2,1,0,"1",18,"1,4",NA,NA,NA,NA,NA,NA,NA,NA,NA,NA
"209","nil","hap","1",NA,NA,NA,NA,NA,NA,NA,NA,NA,NA,NA,NA,NA,NA,NA,NA,NA,NA,NA,NA,NA
"209","nil","neu","1",NA,NA,NA,NA,NA,NA,NA,NA,NA,NA,NA,NA,NA,NA,NA,NA,NA,NA,NA,NA,NA
"209","nil","hap","2",NA,NA,NA,NA,NA,NA,NA,NA,NA,NA,NA,NA,NA,NA,NA,NA,NA,NA,NA,NA,NA
"209","nil","neu","2",NA,NA,NA,NA,NA,NA,NA,NA,NA,NA,NA,NA,NA,NA,NA,NA,NA,NA,NA,NA,NA
"210","pos","hap","1",4,1,"3",1,2,1,3,2,"1",19,"7",NA,NA,NA,NA,NA,1,3,3,3,4
"210","pos","neu","1",2.66666666666667,1,"3",1,2,1,3,2,"1",19,"7",NA,NA,NA,NA,NA,1,3,3,3,4
"210","pos","hap","2",4,1,"3",1,2,1,3,2,"1",19,"7",NA,NA,NA,NA,NA,1,3,3,3,4
"210","pos","neu","2",3,1,"3",1,2,1,3,2,"1",19,"7",NA,NA,NA,NA,NA,1,3,3,3,4
"211","nil","hap","1",0,1,"2",1,3,1,3,0,"1",20,"2",NA,NA,NA,NA,NA,NA,NA,NA,NA,NA
"211","nil","neu","1",0,1,"2",1,3,1,3,0,"1",20,"2",NA,NA,NA,NA,NA,NA,NA,NA,NA,NA
"211","nil","hap","2",0,1,"2",1,3,1,3,0,"1",20,"2",NA,NA,NA,NA,NA,NA,NA,NA,NA,NA
"211","nil","neu","2",0,1,"2",1,3,1,3,0,"1",20,"2",NA,NA,NA,NA,NA,NA,NA,NA,NA,NA
"212","nil","hap","1",4.33333333333333,1,"1",1,1,1,2,1,"1",19,"1",NA,NA,NA,NA,NA,NA,NA,NA,NA,NA
"212","nil","neu","1",1.33333333333333,1,"1",1,1,1,2,1,"1",19,"1",NA,NA,NA,NA,NA,NA,NA,NA,NA,NA
"212","nil","hap","2",3,1,"1",1,1,1,2,1,"1",19,"1",NA,NA,NA,NA,NA,NA,NA,NA,NA,NA
"212","nil","neu","2",0,1,"1",1,1,1,2,1,"1",19,"1",NA,NA,NA,NA,NA,NA,NA,NA,NA,NA
"213","pos","hap","1",2.33333333333333,1,"1",2,3,1,3,0,"1",20,"2",NA,NA,NA,NA,NA,NA,NA,NA,NA,NA
"213","pos","neu","1",1,1,"1",2,3,1,3,0,"1",20,"2",NA,NA,NA,NA,NA,NA,NA,NA,NA,NA
"213","pos","hap","2",2,1,"1",2,3,1,3,0,"1",20,"2",NA,NA,NA,NA,NA,NA,NA,NA,NA,NA
"213","pos","neu","2",0,1,"1",2,3,1,3,0,"1",20,"2",NA,NA,NA,NA,NA,NA,NA,NA,NA,NA
"214","nil","hap","1",0,1,NA,0,1,1,0,0,"7",20,"7",NA,NA,NA,NA,NA,NA,NA,NA,NA,NA
"214","nil","neu","1",0,1,NA,0,1,1,0,0,"7",20,"7",NA,NA,NA,NA,NA,NA,NA,NA,NA,NA
"214","nil","hap","2",0,1,NA,0,1,1,0,0,"7",20,"7",NA,NA,NA,NA,NA,NA,NA,NA,NA,NA
"214","nil","neu","2",0,1,NA,0,1,1,0,0,"7",20,"7",NA,NA,NA,NA,NA,NA,NA,NA,NA,NA
"215","nil","hap","1",0.333333333333333,1,"2",0,2,2,3,0,"1",19,"6",NA,NA,NA,NA,NA,NA,NA,NA,NA,NA
"215","nil","neu","1",0,1,"2",0,2,2,3,0,"1",19,"6",NA,NA,NA,NA,NA,NA,NA,NA,NA,NA
"215","nil","hap","2",0,1,"2",0,2,2,3,0,"1",19,"6",NA,NA,NA,NA,NA,NA,NA,NA,NA,NA
"215","nil","neu","2",0,1,"2",0,2,2,3,0,"1",19,"6",NA,NA,NA,NA,NA,NA,NA,NA,NA,NA
"216","pos","hap","1",NA,1,"1",2,3,2,3,-2,"1",20,"4",NA,NA,NA,NA,NA,NA,NA,NA,NA,NA
"216","pos","neu","1",0,1,"1",2,3,2,3,-2,"1",20,"4",NA,NA,NA,NA,NA,NA,NA,NA,NA,NA
"216","pos","hap","2",1,1,"1",2,3,2,3,-2,"1",20,"4",NA,NA,NA,NA,NA,NA,NA,NA,NA,NA
"216","pos","neu","2",0,1,"1",2,3,2,3,-2,"1",20,"4",NA,NA,NA,NA,NA,NA,NA,NA,NA,NA
"217","pos","hap","1",NA,NA,NA,NA,NA,NA,NA,NA,NA,NA,NA,NA,NA,NA,NA,NA,NA,NA,NA,NA,NA
"217","pos","neu","1",NA,NA,NA,NA,NA,NA,NA,NA,NA,NA,NA,NA,NA,NA,NA,NA,NA,NA,NA,NA,NA
"217","pos","hap","2",NA,NA,NA,NA,NA,NA,NA,NA,NA,NA,NA,NA,NA,NA,NA,NA,NA,NA,NA,NA,NA
"217","pos","neu","2",NA,NA,NA,NA,NA,NA,NA,NA,NA,NA,NA,NA,NA,NA,NA,NA,NA,NA,NA,NA,NA
"218","pos","hap","1",0.666666666666667,1,"1",0,1,0,1,0,"2",20,"4",NA,NA,NA,NA,NA,NA,NA,NA,NA,NA
"218","pos","neu","1",0.333333333333333,1,"1",0,1,0,1,0,"2",20,"4",NA,NA,NA,NA,NA,NA,NA,NA,NA,NA
"218","pos","hap","2",0,1,"1",0,1,0,1,0,"2",20,"4",NA,NA,NA,NA,NA,NA,NA,NA,NA,NA
"218","pos","neu","2",0,1,"1",0,1,0,1,0,"2",20,"4",NA,NA,NA,NA,NA,NA,NA,NA,NA,NA
"219","pos","hap","1",0.666666666666667,1,"1",0,0,3,0,0,"2",21,"1",NA,NA,NA,NA,NA,NA,NA,NA,NA,NA
"219","pos","neu","1",0,1,"1",0,0,3,0,0,"2",21,"1",NA,NA,NA,NA,NA,NA,NA,NA,NA,NA
"219","pos","hap","2",0.666666666666667,1,"1",0,0,3,0,0,"2",21,"1",NA,NA,NA,NA,NA,NA,NA,NA,NA,NA
"219","pos","neu","2",0,1,"1",0,0,3,0,0,"2",21,"1",NA,NA,NA,NA,NA,NA,NA,NA,NA,NA
"220","nil","hap","1",3,1,"1",1,1,NA,3,1,"2",20,"1",NA,NA,NA,NA,NA,NA,NA,NA,NA,NA
"220","nil","neu","1",0,1,"1",1,1,NA,3,1,"2",20,"1",NA,NA,NA,NA,NA,NA,NA,NA,NA,NA
"220","nil","hap","2",NA,1,"1",1,1,NA,3,1,"2",20,"1",NA,NA,NA,NA,NA,NA,NA,NA,NA,NA
"220","nil","neu","2",0,1,"1",1,1,NA,3,1,"2",20,"1",NA,NA,NA,NA,NA,NA,NA,NA,NA,NA
"221","nil","hap","1",0,1,"2",0,1,2,2,0,"2",22,"4",NA,NA,NA,NA,NA,NA,NA,NA,NA,NA
"221","nil","neu","1",0,1,"2",0,1,2,2,0,"2",22,"4",NA,NA,NA,NA,NA,NA,NA,NA,NA,NA
"221","nil","hap","2",0,1,"2",0,1,2,2,0,"2",22,"4",NA,NA,NA,NA,NA,NA,NA,NA,NA,NA
"221","nil","neu","2",0,1,"2",0,1,2,2,0,"2",22,"4",NA,NA,NA,NA,NA,NA,NA,NA,NA,NA
"222","pos","hap","1",2,1,"2",-1,0,-1,2,0,"2",21,"4",1,1,1,1,2,NA,NA,NA,NA,NA
"222","pos","neu","1",2,1,"2",-1,0,-1,2,0,"2",21,"4",1,1,1,1,2,NA,NA,NA,NA,NA
"222","pos","hap","2",0.333333333333333,1,"2",-1,0,-1,2,0,"2",21,"4",1,1,1,1,2,NA,NA,NA,NA,NA
"222","pos","neu","2",0,1,"2",-1,0,-1,2,0,"2",21,"4",1,1,1,1,2,NA,NA,NA,NA,NA
